SampleID,TrueLabel,RF_Pred,DL_Pred,DL_Prob
0,0.0,0,0,1e-04
1,0.0,0,0,0.0
2,0.0,0,0,0.0
3,0.0,0,0,0.0
4,0.0,0,0,1e-04
5,0.0,0,0,1e-04
6,0.0,0,0,1e-04
7,0.0,0,0,0.0116
8,0.0,0,0,0.0116
9,0.0,0,0,1e-04
10,0.0,0,0,0.0114
11,0.0,0,0,0.0144
12,0.0,0,0,0.0114
13,0.0,0,0,1e-04
14,0.0,0,0,0.0017
15,0.0,0,0,0.0022
16,0.0,0,0,0.0
17,0.0,0,0,0.0009
18,0.0,0,0,0.0
19,0.0,0,0,0.0002
20,0.0,0,0,0.001
21,0.0,0,0,1e-04
22,0.0,0,0,0.0008
23,0.0,0,0,1e-04
24,0.0,0,0,0.0009
25,0.0,0,0,0.001
26,0.0,0,0,0.0006
27,0.0,0,0,1e-04
28,0.0,0,0,1e-04
29,0.0,0,0,0.001
30,0.0,0,0,0.0198
31,0.0,0,0,0.009
32,0.0,0,0,0.0
33,0.0,0,0,0.0
34,0.0,0,0,0.0
35,0.0,0,0,0.0002
36,0.0,0,0,0.0014
37,0.0,0,0,0.0014
38,0.0,0,0,0.0093
39,0.0,0,0,0.0022
40,0.0,0,0,0.0141
41,0.0,0,0,0.0115
42,0.0,0,0,0.0019
43,0.0,0,0,0.0075
44,0.0,0,0,0.0024
45,0.0,0,0,0.0013
46,0.0,0,0,0.0123
47,0.0,0,0,0.0034
48,0.0,0,0,1e-04
49,0.0,0,0,0.0021
50,0.0,0,0,0.0023
51,0.0,0,0,0.0023
52,0.0,0,0,0.0016
53,0.0,0,0,0.0021
54,0.0,0,0,0.0023
55,0.0,0,0,0.0147
56,0.0,0,0,0.0007
57,0.0,0,0,0.0012
58,0.0,0,0,0.0073
59,0.0,0,0,0.0019
60,0.0,0,0,0.0009
61,0.0,0,0,0.0015
62,0.0,0,0,0.0015
63,0.0,0,0,0.0015
64,0.0,0,0,0.0023
65,0.0,0,0,0.0162
66,0.0,0,0,0.0026
67,0.0,0,0,0.0083
68,0.0,0,0,1e-04
69,0.0,0,0,0.0015
70,0.0,0,0,0.0013
71,0.0,0,0,0.0023
72,0.0,0,0,0.0025
73,0.0,0,0,0.0016
74,0.0,0,0,0.0029
75,0.0,0,0,0.017
76,0.0,0,0,0.0028
77,0.0,0,0,0.0028
78,0.0,0,0,0.0005
79,0.0,0,0,0.002
80,0.0,0,0,0.0004
81,0.0,0,0,0.0004
82,0.0,0,0,0.0002
83,0.0,0,0,0.0004
84,0.0,0,0,0.0003
85,0.0,0,0,0.0004
86,0.0,0,0,0.0004
87,0.0,0,0,0.0003
88,0.0,0,0,0.0017
89,0.0,0,0,0.0023
90,0.0,0,0,0.0021
91,0.0,0,0,0.001
92,0.0,0,0,0.0048
93,0.0,0,0,0.0006
94,0.0,0,0,0.0024
95,0.0,0,0,0.0392
96,0.0,0,0,0.0002
97,0.0,0,0,1e-04
98,0.0,0,0,1e-04
99,0.0,0,0,0.0023
100,0.0,0,0,0.002
101,0.0,0,0,1e-04
102,0.0,0,0,0.003
103,0.0,0,0,0.0005
104,0.0,0,0,1e-04
105,0.0,0,0,0.0009
106,0.0,0,0,0.0005
107,0.0,0,0,0.0108
108,0.0,0,0,0.0158
109,0.0,0,0,0.0016
110,0.0,0,0,0.0021
111,0.0,0,0,0.0028
112,0.0,0,0,0.002
113,0.0,0,0,0.0223
114,0.0,0,0,0.0111
115,0.0,0,0,0.0014
116,0.0,0,0,0.0016
117,0.0,0,0,0.0049
118,0.0,0,0,0.0012
119,0.0,0,0,0.0273
120,0.0,0,0,0.0104
121,0.0,0,0,1e-04
122,0.0,0,0,0.0003
123,0.0,0,0,0.0003
124,0.0,0,0,0.0003
125,0.0,0,0,0.0
126,0.0,0,0,0.0011
127,0.0,0,0,0.0008
128,0.0,0,0,0.0018
129,0.0,0,0,0.0015
130,0.0,0,0,0.0002
131,0.0,0,0,0.0
132,0.0,0,0,0.0012
133,0.0,0,0,0.0028
134,0.0,0,0,0.0016
135,0.0,0,0,0.0012
136,0.0,0,0,0.0022
137,0.0,0,0,0.0009
138,0.0,0,0,0.0015
139,0.0,0,0,0.0019
140,0.0,0,0,0.0007
141,0.0,0,0,0.0016
142,0.0,0,0,0.0
143,0.0,0,0,1e-04
144,0.0,0,0,0.0038
145,0.0,0,0,0.0117
146,0.0,0,0,0.0012
147,0.0,0,0,0.0112
148,0.0,0,0,0.0012
149,0.0,0,0,0.0004
150,0.0,0,0,0.0003
151,0.0,0,0,0.0
152,0.0,0,0,1e-04
153,0.0,0,0,0.0005
154,0.0,0,0,0.0006
155,0.0,0,0,0.0008
156,0.0,0,0,0.0011
157,0.0,0,0,0.0027
158,0.0,0,0,0.0095
159,0.0,0,0,0.0007
160,0.0,0,0,0.0269
161,0.0,0,0,0.0227
162,0.0,0,0,0.0279
163,0.0,0,0,0.0202
164,0.0,0,0,0.0288
165,0.0,0,0,0.0202
166,0.0,0,0,0.0288
167,0.0,0,0,0.0281
168,0.0,0,0,0.0202
169,0.0,0,0,0.0383
170,0.0,0,0,0.0317
171,0.0,0,0,0.0363
172,0.0,0,0,0.0078
173,0.0,0,0,0.0118
174,0.0,0,0,0.0078
175,0.0,0,0,0.0009
176,0.0,0,0,0.0007
177,0.0,0,0,0.0118
178,0.0,0,0,0.0127
179,0.0,0,0,0.0094
180,0.0,0,0,0.0078
181,0.0,0,0,0.0094
182,0.0,0,0,0.0222
183,0.0,0,0,0.0125
184,0.0,0,0,0.0212
185,0.0,0,0,0.0153
186,0.0,0,0,0.0153
187,0.0,0,0,0.0222
188,0.0,0,0,0.0202
189,0.0,0,0,0.0222
190,0.0,0,0,0.0202
191,0.0,0,0,0.028
192,0.0,0,0,0.0178
193,0.0,0,0,0.0273
194,0.0,0,0,0.0012
195,0.0,0,0,1e-04
196,0.0,0,0,0.0005
197,0.0,0,0,0.0009
198,0.0,0,0,0.0008
199,0.0,0,0,0.0
200,0.0,0,0,0.0073
201,0.0,0,0,0.0017
202,0.0,0,0,0.0063
203,0.0,0,0,0.0023
204,0.0,0,0,0.001
205,0.0,0,0,0.0007
206,0.0,0,0,0.0022
207,0.0,0,0,0.0015
208,0.0,0,0,0.0005
209,0.0,0,0,0.0022
210,0.0,0,0,0.0008
211,0.0,0,0,0.0006
212,0.0,0,0,0.0161
213,0.0,0,0,0.0091
214,0.0,0,0,0.029
215,0.0,0,0,0.0183
216,0.0,0,0,0.0391
217,0.0,0,0,0.021
218,0.0,0,0,0.0008
219,0.0,0,0,0.0008
220,0.0,0,0,0.0018
221,0.0,0,0,0.0018
222,0.0,0,0,0.0015
223,0.0,0,0,0.0013
224,0.0,0,0,0.0025
225,0.0,0,0,0.0
226,0.0,0,0,0.004
227,0.0,0,0,0.003
228,0.0,0,0,0.003
229,0.0,0,0,0.003
230,0.0,0,0,0.003
231,0.0,0,0,0.0099
232,0.0,0,0,0.0336
233,0.0,0,0,0.0064
234,0.0,0,0,0.0126
235,0.0,0,0,0.0004
236,0.0,0,0,0.0301
237,0.0,0,0,0.0022
238,0.0,0,0,0.0005
239,0.0,0,0,0.0005
240,0.0,0,0,0.0005
241,0.0,0,0,0.0054
242,0.0,0,0,0.0005
243,0.0,0,0,0.0006
244,0.0,0,0,0.002
245,0.0,0,0,0.0301
246,0.0,0,0,0.0021
247,0.0,0,0,0.0089
248,0.0,0,0,0.0182
249,0.0,0,0,0.0012
250,0.0,0,0,0.0029
251,0.0,0,0,0.0116
252,0.0,0,0,0.002
253,0.0,0,0,0.0003
254,0.0,0,0,0.0005
255,0.0,0,0,0.0004
256,0.0,0,0,0.0005
257,0.0,0,0,0.0005
258,0.0,0,0,0.0004
259,0.0,0,0,0.0301
260,0.0,0,0,0.0182
261,0.0,0,0,0.0004
262,0.0,0,0,0.0005
263,0.0,0,0,0.0003
264,0.0,0,0,0.0003
265,0.0,0,0,0.0004
266,0.0,0,0,0.001
267,0.0,0,0,0.0012
268,0.0,0,0,0.0003
269,0.0,0,0,0.0003
270,0.0,0,0,0.0003
271,0.0,0,0,0.0002
272,0.0,0,0,0.0365
273,0.0,0,0,0.0129
274,0.0,0,0,0.0005
275,0.0,0,0,0.0008
276,0.0,0,0,0.0006
277,0.0,0,0,0.0
278,0.0,0,0,0.0012
279,0.0,0,0,0.0024
280,0.0,0,0,0.0024
281,0.0,0,0,0.0009
282,0.0,0,0,0.0009
283,0.0,0,0,0.0005
284,0.0,0,0,0.014
285,0.0,0,0,0.002
286,0.0,0,0,0.0008
287,0.0,0,0,0.0
288,0.0,0,0,0.01
289,0.0,0,0,0.0021
290,0.0,0,0,0.0171
291,0.0,0,0,0.0
292,0.0,0,0,0.001
293,0.0,0,0,0.0017
294,0.0,0,0,0.0017
295,0.0,0,0,0.0007
296,0.0,0,0,0.0109
297,0.0,0,0,0.0011
298,0.0,0,0,0.003
299,0.0,0,0,0.0014
300,0.0,0,0,0.0029
301,0.0,0,0,0.0026
302,0.0,0,0,0.0029
303,0.0,0,0,0.0006
304,0.0,0,0,0.0029
305,0.0,0,0,0.0029
306,0.0,0,0,0.0029
307,0.0,0,0,0.0029
308,0.0,0,0,0.0029
309,0.0,0,0,0.0008
310,0.0,0,0,0.0029
311,0.0,0,0,0.0006
312,0.0,0,0,0.0011
313,0.0,0,0,0.0004
314,0.0,0,0,0.0006
315,0.0,0,0,0.0006
316,0.0,0,0,0.0065
317,0.0,0,0,0.0065
318,0.0,0,0,0.0006
319,0.0,0,0,0.0015
320,0.0,0,0,0.0008
321,0.0,0,0,0.0027
322,0.0,0,0,0.0013
323,0.0,0,0,0.0017
324,0.0,0,0,0.0017
325,0.0,0,0,0.0017
326,0.0,0,0,0.0015
327,0.0,0,0,0.0246
328,0.0,0,0,0.0003
329,0.0,0,0,0.0004
330,0.0,0,0,0.0004
331,0.0,0,0,0.0034
332,0.0,0,0,0.0007
333,0.0,0,0,0.0146
334,0.0,0,0,0.0115
335,0.0,0,0,0.0017
336,0.0,0,0,0.0028
337,0.0,0,0,0.0032
338,0.0,0,0,0.0048
339,0.0,0,0,0.0415
340,0.0,0,0,0.0338
341,0.0,0,0,0.0034
342,0.0,0,0,0.0032
343,0.0,0,0,0.0034
344,0.0,0,0,0.0023
345,0.0,0,0,0.0003
346,0.0,0,0,0.0005
347,0.0,0,0,0.0063
348,0.0,0,0,0.0031
349,0.0,0,0,0.0005
350,0.0,0,0,0.0004
351,0.0,0,0,0.0017
352,0.0,0,0,0.0017
353,0.0,0,0,0.0146
354,0.0,0,0,0.0026
355,0.0,0,0,0.0034
356,0.0,0,0,0.0004
357,0.0,0,0,0.0032
358,0.0,0,0,0.0166
359,0.0,0,0,0.0228
360,0.0,0,0,0.0004
361,0.0,0,0,0.0004
362,0.0,0,0,0.0008
363,0.0,0,0,0.0004
364,0.0,0,0,0.0004
365,0.0,0,0,0.0004
366,0.0,0,0,0.0008
367,0.0,0,0,0.0003
368,0.0,0,0,0.001
369,0.0,0,0,0.0006
370,0.0,0,0,0.0006
371,0.0,0,0,0.0052
372,0.0,0,0,0.0052
373,0.0,0,0,0.0004
374,0.0,0,0,0.0004
375,0.0,0,0,0.0006
376,0.0,0,0,0.0052
377,0.0,0,0,0.0006
378,0.0,0,0,0.0004
379,0.0,0,0,0.0086
380,0.0,0,0,0.0004
381,0.0,0,0,0.0004
382,0.0,0,0,0.0052
383,0.0,0,0,0.0052
384,0.0,0,0,0.0005
385,0.0,0,0,1e-04
386,0.0,0,0,0.0019
387,0.0,0,0,0.0067
388,0.0,0,0,0.0204
389,0.0,0,0,0.0158
390,0.0,0,0,0.0313
391,0.0,0,0,0.0188
392,0.0,0,0,0.0011
393,0.0,0,0,0.0159
394,0.0,0,0,0.0188
395,0.0,0,0,0.0047
396,0.0,0,0,0.0222
397,0.0,0,0,0.0066
398,0.0,0,0,0.0013
399,0.0,0,0,0.0171
400,0.0,0,0,0.0078
401,0.0,0,0,0.0216
402,0.0,0,0,0.0128
403,0.0,0,0,0.0046
404,0.0,0,0,0.0051
405,0.0,0,0,0.0152
406,0.0,0,0,0.024
407,0.0,0,0,0.0063
408,0.0,0,0,0.0036
409,0.0,0,0,0.0151
410,0.0,0,0,0.023
411,0.0,0,0,0.0245
412,0.0,0,0,0.0162
413,0.0,0,0,0.0119
414,0.0,0,0,0.0291
415,0.0,0,0,0.008
416,0.0,0,0,0.0119
417,0.0,0,0,0.0243
418,0.0,0,0,0.001
419,0.0,0,0,0.0356
420,0.0,0,0,0.015
421,0.0,0,0,0.0133
422,0.0,0,0,0.0007
423,0.0,0,0,0.0049
424,0.0,0,0,0.0071
425,0.0,0,0,0.0105
426,0.0,0,0,0.0262
427,0.0,0,0,0.0066
428,0.0,0,0,0.0022
429,0.0,0,0,0.0
430,0.0,0,0,0.0228
431,0.0,0,0,0.0186
432,0.0,0,0,0.0221
433,0.0,0,0,0.0138
434,0.0,0,0,0.023
435,0.0,0,0,0.0034
436,0.0,0,0,0.011
437,0.0,0,0,0.0358
438,0.0,0,0,0.0137
439,0.0,0,0,0.0272
440,0.0,0,0,0.001
441,0.0,0,0,0.0221
442,0.0,0,0,0.0352
443,0.0,0,0,0.0138
444,0.0,0,0,0.0413
445,0.0,0,0,0.0164
446,0.0,0,0,0.0034
447,0.0,0,0,0.0335
448,0.0,0,0,0.0137
449,0.0,0,0,0.0185
450,0.0,0,0,0.0352
451,0.0,0,0,0.0059
452,0.0,0,0,0.0391
453,0.0,0,0,0.0111
454,0.0,0,0,0.0202
455,0.0,0,0,0.0138
456,0.0,0,0,0.0138
457,0.0,0,0,0.042
458,0.0,0,0,0.0137
459,0.0,0,0,0.0138
460,0.0,0,0,0.0111
461,0.0,0,0,0.0435
462,0.0,0,0,0.006
463,0.0,0,0,0.0435
464,0.0,0,0,0.0337
465,0.0,0,0,0.008
466,0.0,0,0,0.0138
467,0.0,0,0,0.037
468,0.0,0,0,0.0034
469,0.0,0,0,0.0138
470,0.0,0,0,0.0172
471,0.0,0,0,0.0138
472,0.0,0,0,0.0025
473,0.0,0,0,0.0137
474,0.0,0,0,0.0186
475,0.0,0,0,0.0182
476,0.0,0,0,0.0137
477,0.0,0,0,0.0359
478,0.0,0,0,0.0319
479,0.0,0,0,0.0391
480,0.0,0,0,0.0028
481,0.0,0,0,0.0004
482,0.0,0,0,0.0015
483,0.0,0,0,0.0262
484,0.0,0,0,0.0018
485,0.0,0,0,0.0004
486,0.0,0,0,0.0004
487,0.0,0,0,0.0004
488,0.0,0,0,0.0005
489,0.0,0,0,0.0186
490,0.0,0,0,0.0011
491,0.0,0,0,0.0027
492,0.0,0,0,0.0029
493,0.0,0,0,0.001
494,0.0,0,0,0.0044
495,0.0,0,0,0.0009
496,0.0,0,0,0.0137
497,0.0,0,0,0.0034
498,0.0,0,0,0.011
499,0.0,0,0,0.0007
500,0.0,0,0,0.0034
501,0.0,0,0,0.0004
502,0.0,0,0,0.0004
503,0.0,0,0,0.0025
504,0.0,0,0,0.0215
505,0.0,0,0,0.0036
506,0.0,0,0,0.0098
507,0.0,0,0,0.0059
508,0.0,0,0,0.03
509,0.0,0,0,0.0326
510,0.0,0,0,0.0214
511,0.0,0,0,0.0099
512,0.0,0,0,0.0508
513,0.0,0,0,0.008
514,0.0,0,0,0.0257
515,0.0,0,0,0.0296
516,0.0,0,0,0.0466
517,0.0,0,0,0.0332
518,0.0,0,0,0.0274
519,0.0,0,0,0.023
520,0.0,0,0,0.0269
521,0.0,0,0,0.023
522,0.0,0,0,0.0059
523,0.0,0,0,0.0395
524,0.0,0,0,0.0399
525,0.0,0,0,0.0277
526,0.0,0,0,0.0135
527,0.0,0,0,0.0277
528,0.0,0,0,0.0225
529,0.0,0,0,0.0211
530,0.0,0,0,0.0138
531,0.0,0,0,0.0311
532,0.0,0,0,0.0108
533,0.0,0,0,0.0443
534,0.0,0,0,0.0358
535,0.0,0,0,0.0181
536,0.0,0,0,0.008
537,0.0,0,0,0.022
538,0.0,0,0,0.0111
539,0.0,0,0,0.0404
540,0.0,0,0,0.019
541,0.0,0,0,0.0164
542,0.0,0,0,0.0186
543,0.0,0,0,0.0107
544,0.0,0,0,0.0136
545,0.0,0,0,0.0138
546,0.0,0,0,0.0043
547,0.0,0,0,0.0098
548,0.0,0,0,0.0401
549,0.0,0,0,0.0043
550,0.0,0,0,0.0006
551,0.0,0,0,0.011
552,0.0,0,0,0.0474
553,0.0,0,0,0.0358
554,0.0,0,0,0.0057
555,0.0,0,0,0.0349
556,0.0,0,0,0.039
557,0.0,0,0,0.0137
558,0.0,0,0,0.0043
559,0.0,0,0,0.0306
560,0.0,0,0,0.0138
561,0.0,0,0,0.0063
562,0.0,0,0,0.0043
563,0.0,0,0,0.0135
564,0.0,0,0,0.0345
565,0.0,0,0,0.008
566,0.0,0,0,0.0362
567,0.0,0,0,0.022
568,0.0,0,0,0.0108
569,0.0,0,0,0.033
570,0.0,0,0,0.0182
571,0.0,0,0,0.0346
572,0.0,0,0,0.0389
573,0.0,0,0,0.0253
574,0.0,0,0,0.0391
575,0.0,0,0,0.0187
576,0.0,0,0,0.0477
577,0.0,0,0,0.0456
578,0.0,0,0,0.036
579,0.0,0,0,0.0404
580,0.0,0,0,0.0182
581,0.0,0,0,0.0435
582,0.0,0,0,0.0182
583,0.0,0,0,0.0182
584,0.0,0,0,0.0135
585,0.0,0,0,0.022
586,0.0,0,0,0.0406
587,0.0,0,0,0.0266
588,0.0,0,0,0.0209
589,0.0,0,0,0.0298
590,0.0,0,0,0.035
591,0.0,0,0,0.0135
592,0.0,0,0,0.034
593,0.0,0,0,0.006
594,0.0,0,0,0.0343
595,0.0,0,0,0.0015
596,0.0,0,0,0.0462
597,0.0,0,0,0.0325
598,0.0,0,0,0.022
599,0.0,0,0,0.0108
600,0.0,0,0,0.0034
601,0.0,0,0,0.0222
602,0.0,0,0,0.0449
603,0.0,0,0,0.0408
604,0.0,0,0,0.0451
605,0.0,0,0,0.0359
606,0.0,0,0,0.0449
607,0.0,0,0,0.0176
608,0.0,0,0,0.0254
609,0.0,0,0,0.0428
610,0.0,0,0,0.0207
611,0.0,0,0,0.0395
612,0.0,0,0,0.0034
613,0.0,0,0,0.0331
614,0.0,0,0,0.0225
615,0.0,0,0,0.0329
616,0.0,0,0,0.0359
617,0.0,0,0,0.0135
618,0.0,0,0,0.0254
619,0.0,0,0,0.023
620,0.0,0,0,0.034
621,0.0,0,0,0.0451
622,0.0,0,0,0.0216
623,0.0,0,0,0.0176
624,0.0,0,0,0.0342
625,0.0,0,0,0.0471
626,0.0,0,0,0.0134
627,0.0,0,0,0.0316
628,0.0,0,0,0.008
629,0.0,0,0,0.0331
630,0.0,0,0,0.0096
631,0.0,0,0,0.0183
632,0.0,0,0,0.0043
633,0.0,0,0,0.0183
634,0.0,0,0,0.008
635,0.0,0,0,0.0135
636,0.0,0,0,0.0131
637,0.0,0,0,0.0185
638,0.0,0,0,0.0136
639,0.0,0,0,0.011
640,0.0,0,0,0.0108
641,0.0,0,0,0.0263
642,0.0,0,0,0.0085
643,0.0,0,0,0.006
644,0.0,0,0,0.0263
645,0.0,0,0,0.0182
646,0.0,0,0,0.0159
647,0.0,0,0,0.0178
648,0.0,0,0,0.0159
649,0.0,0,0,0.0099
650,0.0,0,0,0.0182
651,0.0,0,0,0.0078
652,0.0,0,0,0.0099
653,0.0,0,0,0.0007
654,0.0,0,0,0.0025
655,0.0,0,0,0.0004
656,0.0,0,0,0.0053
657,0.0,0,0,0.0118
658,0.0,0,0,0.0263
659,0.0,0,0,0.0015
660,0.0,0,0,0.0189
661,0.0,0,0,0.0103
662,0.0,0,0,0.0089
663,0.0,0,0,0.008
664,0.0,0,0,0.0119
665,0.0,0,0,0.0093
666,0.0,0,0,0.0023
667,0.0,0,0,0.0023
668,0.0,0,0,0.0057
669,0.0,0,0,0.0053
670,0.0,0,0,0.0003
671,0.0,0,0,0.0002
672,0.0,0,0,0.0023
673,0.0,0,0,0.0082
674,0.0,0,0,0.0024
675,0.0,0,0,0.0296
676,0.0,0,0,0.0041
677,0.0,0,0,0.004
678,0.0,0,0,0.0274
679,0.0,0,0,0.0003
680,0.0,0,0,0.0003
681,0.0,0,0,0.0273
682,0.0,0,0,0.0201
683,0.0,0,0,0.0053
684,0.0,0,0,0.0006
685,0.0,0,0,0.0168
686,0.0,0,0,0.0161
687,0.0,0,0,0.0196
688,0.0,0,0,0.0199
689,0.0,0,0,0.0041
690,0.0,0,0,0.014
691,0.0,0,0,0.0273
692,0.0,0,0,0.0023
693,0.0,0,0,0.0069
694,0.0,0,0,0.0087
695,0.0,0,0,0.0029
696,0.0,0,0,0.0093
697,0.0,0,0,0.0028
698,0.0,0,0,0.0141
699,0.0,0,0,0.02
700,0.0,0,0,0.011
701,0.0,0,0,0.0063
702,0.0,0,0,0.0069
703,0.0,0,0,0.0044
704,0.0,0,0,0.0049
705,0.0,0,0,0.0059
706,0.0,0,0,0.005
707,0.0,0,0,0.0013
708,0.0,0,0,0.0066
709,0.0,0,0,0.0055
710,0.0,0,0,0.0048
711,0.0,0,0,0.007
712,0.0,0,0,0.0032
713,0.0,0,0,0.0063
714,0.0,0,0,0.0052
715,0.0,0,0,0.0064
716,0.0,0,0,0.0065
717,0.0,0,0,0.0067
718,0.0,0,0,0.022
719,0.0,0,0,0.0044
720,0.0,0,0,0.0071
721,0.0,0,0,0.0104
722,0.0,0,0,0.0067
723,0.0,0,0,0.0032
724,0.0,0,0,0.0069
725,0.0,0,0,0.0062
726,0.0,0,0,0.0057
727,0.0,0,0,0.0071
728,0.0,0,0,0.0058
729,0.0,0,0,0.0029
730,0.0,0,0,0.0056
731,0.0,0,0,0.0173
732,0.0,0,0,0.0053
733,0.0,0,0,0.0027
734,0.0,0,0,0.0197
735,0.0,0,0,0.0077
736,0.0,0,0,0.006
737,0.0,0,0,0.0102
738,0.0,0,0,0.0102
739,0.0,0,0,0.0016
740,0.0,0,0,0.0062
741,0.0,0,0,0.0019
742,0.0,0,0,0.0031
743,0.0,0,0,0.001
744,0.0,0,0,0.0049
745,0.0,0,0,0.001
746,0.0,0,0,0.0058
747,0.0,0,0,0.0027
748,0.0,0,0,0.0148
749,0.0,0,0,0.0034
750,0.0,0,0,0.0034
751,0.0,0,0,0.0037
752,0.0,0,0,0.0006
753,0.0,0,0,0.0064
754,0.0,0,0,0.0131
755,0.0,0,0,0.0171
756,0.0,0,0,0.0042
757,0.0,0,0,0.0148
758,0.0,0,0,0.0135
759,0.0,0,0,0.0077
760,0.0,0,0,0.0261
761,0.0,0,0,0.0148
762,0.0,0,0,0.013
763,0.0,0,0,0.0111
764,0.0,0,0,0.0122
765,0.0,0,0,0.0111
766,0.0,0,0,0.0178
767,0.0,0,0,0.0095
768,0.0,0,0,0.0059
769,0.0,0,0,0.0182
770,0.0,0,0,0.0182
771,0.0,0,0,0.0141
772,0.0,0,0,0.0335
773,0.0,0,0,0.0135
774,0.0,0,0,0.0135
775,0.0,0,0,0.012
776,0.0,0,0,0.0163
777,0.0,0,0,0.0043
778,0.0,0,0,0.0029
779,0.0,0,0,0.0057
780,0.0,0,0,0.0059
781,0.0,0,0,0.0062
782,0.0,0,0,0.0039
783,0.0,0,0,0.0017
784,0.0,0,0,0.0013
785,0.0,0,0,0.0021
786,0.0,0,0,0.0016
787,0.0,0,0,0.0023
788,0.0,0,0,0.0009
789,0.0,0,0,0.0028
790,0.0,0,0,0.002
791,0.0,0,0,0.0056
792,0.0,0,0,0.0017
793,0.0,0,0,0.0051
794,0.0,0,0,0.0059
795,0.0,0,0,0.001
796,0.0,0,0,0.0017
797,0.0,0,0,0.0008
798,0.0,0,0,0.0018
799,0.0,0,0,0.0042
800,0.0,0,0,0.0016
801,0.0,0,0,0.0047
802,0.0,0,0,0.0053
803,0.0,0,0,0.0026
804,0.0,0,0,0.0027
805,0.0,0,0,0.0019
806,0.0,0,0,0.0051
807,0.0,0,0,0.0045
808,0.0,0,0,0.0044
809,0.0,0,0,0.009
810,0.0,0,0,0.0054
811,0.0,0,0,0.0044
812,0.0,0,0,0.0036
813,0.0,0,0,0.0069
814,0.0,0,0,0.0102
815,0.0,0,0,0.006
816,0.0,0,0,0.0061
817,0.0,0,0,0.0048
818,0.0,0,0,0.0106
819,0.0,0,0,0.001
820,0.0,0,0,0.0013
821,0.0,0,0,0.0064
822,0.0,0,0,0.0063
823,0.0,0,0,0.0016
824,0.0,0,0,0.0048
825,0.0,0,0,0.0035
826,0.0,0,0,0.0301
827,0.0,0,0,0.0055
828,0.0,0,0,0.0041
829,0.0,0,0,0.0014
830,0.0,0,0,0.0027
831,0.0,0,0,0.0031
832,0.0,0,0,0.0084
833,0.0,0,0,0.0008
834,0.0,0,0,0.0021
835,0.0,0,0,0.0063
836,0.0,0,0,0.0072
837,0.0,0,0,0.0047
838,0.0,0,0,0.006
839,0.0,0,0,0.0176
840,0.0,0,0,0.0054
841,0.0,0,0,0.0057
842,0.0,0,0,0.0325
843,0.0,0,0,0.0123
844,0.0,0,0,0.0186
845,0.0,0,0,0.007
846,0.0,0,0,0.0085
847,0.0,0,0,0.0127
848,0.0,0,0,0.0047
849,0.0,0,0,0.0086
850,0.0,0,0,0.0048
851,0.0,0,0,0.0196
852,0.0,0,0,0.0148
853,0.0,0,0,0.0128
854,0.0,0,0,0.0135
855,0.0,0,0,0.0182
856,0.0,0,0,0.0016
857,0.0,0,0,0.0075
858,0.0,0,0,0.0141
859,0.0,0,0,0.0296
860,0.0,0,0,0.0297
861,0.0,0,0,0.0355
862,0.0,0,0,0.0175
863,0.0,0,0,0.0078
864,0.0,0,0,0.002
865,0.0,0,0,0.0174
866,0.0,0,0,0.0186
867,0.0,0,0,0.0031
868,0.0,0,0,0.0103
869,0.0,0,0,0.0011
870,0.0,0,0,0.0004
871,0.0,0,0,0.0038
872,0.0,0,0,0.0053
873,0.0,0,0,0.0144
874,0.0,0,0,0.0069
875,0.0,0,0,0.0033
876,0.0,0,0,0.0014
877,0.0,0,0,0.0036
878,0.0,0,0,0.0123
879,0.0,0,0,0.0024
880,0.0,0,0,0.0058
881,0.0,0,0,0.0039
882,0.0,0,0,0.0054
883,0.0,0,0,0.027
884,0.0,0,0,0.0036
885,0.0,0,0,0.0123
886,0.0,0,0,0.0129
887,0.0,0,0,0.0104
888,0.0,0,0,0.0037
889,0.0,0,0,0.0091
890,0.0,0,0,0.0018
891,0.0,0,0,0.0008
892,0.0,0,0,0.0013
893,0.0,0,0,0.0046
894,0.0,0,0,0.0017
895,0.0,0,0,0.0019
896,0.0,0,0,0.0006
897,0.0,0,0,0.0184
898,0.0,0,0,0.0019
899,0.0,0,0,0.0243
900,0.0,0,0,0.0022
901,0.0,0,0,0.0018
902,0.0,0,0,0.0073
903,0.0,0,0,0.0134
904,0.0,0,0,0.0045
905,0.0,0,0,0.0032
906,0.0,0,0,0.0015
907,0.0,0,0,0.0029
908,0.0,0,0,0.0051
909,0.0,0,0,0.0096
910,0.0,0,0,0.0031
911,0.0,0,0,0.0051
912,0.0,0,0,0.0154
913,0.0,0,0,0.0075
914,0.0,0,0,0.0025
915,0.0,0,0,0.0234
916,0.0,0,0,0.0244
917,0.0,0,0,0.0017
918,0.0,0,0,0.0013
919,0.0,0,0,0.0194
920,0.0,0,0,0.0014
921,0.0,0,0,0.0029
922,0.0,0,0,0.002
923,0.0,0,0,0.0039
924,0.0,0,0,0.0047
925,0.0,0,0,0.0065
926,0.0,0,0,0.0053
927,0.0,0,0,0.0049
928,0.0,0,0,0.0023
929,0.0,0,0,0.0032
930,0.0,0,0,0.0241
931,0.0,0,0,0.0025
932,0.0,0,0,0.0049
933,0.0,0,0,0.0029
934,0.0,0,0,0.0008
935,0.0,0,0,0.0028
936,0.0,0,0,0.0111
937,0.0,0,0,0.0037
938,0.0,0,0,0.0025
939,0.0,0,0,0.0103
940,0.0,0,0,0.0061
941,0.0,0,0,0.0222
942,0.0,0,0,0.0053
943,0.0,0,0,0.006
944,0.0,0,0,0.0139
945,0.0,0,0,0.007
946,0.0,0,0,0.0036
947,0.0,0,0,0.0068
948,0.0,0,0,0.0054
949,0.0,0,0,0.0036
950,0.0,0,0,0.0043
951,0.0,0,0,0.0006
952,0.0,0,0,0.0019
953,0.0,0,0,0.0053
954,0.0,0,0,0.0037
955,0.0,0,0,0.0058
956,0.0,0,0,0.0006
957,0.0,0,0,0.0088
958,0.0,0,0,0.0215
959,0.0,0,0,0.0051
960,0.0,0,0,0.0027
961,0.0,0,0,0.0063
962,0.0,0,0,0.0181
963,0.0,0,0,0.0027
964,0.0,0,0,0.0133
965,0.0,0,0,0.0412
966,0.0,0,0,0.0043
967,0.0,0,0,0.0166
968,0.0,0,0,0.0071
969,0.0,0,0,0.0357
970,0.0,0,0,0.0198
971,0.0,0,0,0.0079
972,0.0,0,0,0.0076
973,0.0,0,0,0.0362
974,0.0,0,0,0.0273
975,0.0,0,0,0.0271
976,0.0,0,0,0.0329
977,0.0,0,0,0.0144
978,0.0,0,0,0.0252
979,0.0,0,0,0.0185
980,0.0,0,0,0.0145
981,0.0,0,0,0.0163
982,0.0,0,0,0.0132
983,0.0,0,0,0.034
984,0.0,0,0,0.0313
985,0.0,0,0,0.0165
986,0.0,0,0,0.0295
987,0.0,0,0,0.0034
988,0.0,0,0,0.0138
989,0.0,0,0,0.0055
990,0.0,0,0,0.0141
991,0.0,0,0,0.0055
992,0.0,0,0,0.0424
993,0.0,0,0,0.0038
994,0.0,0,0,0.036
995,0.0,0,0,0.0034
996,0.0,0,0,0.0061
997,0.0,0,0,0.0252
998,0.0,0,0,0.0076
999,0.0,0,0,0.0041
1000,0.0,0,0,0.0355
1001,0.0,0,0,0.0242
1002,0.0,0,0,0.0371
1003,0.0,0,0,0.0296
1004,0.0,0,0,0.0309
1005,0.0,0,0,0.0192
1006,0.0,0,0,0.0401
1007,0.0,0,0,0.0401
1008,0.0,0,0,0.0165
1009,0.0,0,0,0.0111
1010,0.0,0,0,0.0213
1011,0.0,0,0,0.0401
1012,0.0,0,0,0.0266
1013,0.0,0,0,0.0262
1014,0.0,0,0,0.0332
1015,0.0,0,0,0.0332
1016,0.0,0,0,0.009
1017,0.0,0,0,0.003
1018,0.0,0,0,0.0129
1019,0.0,0,0,0.0106
1020,0.0,0,0,0.0111
1021,0.0,0,0,0.0079
1022,0.0,0,0,0.0079
1023,0.0,0,0,0.0129
1024,0.0,0,0,0.0347
1025,0.0,0,0,0.0076
1026,0.0,0,0,0.0178
1027,0.0,0,0,0.0178
1028,0.0,0,0,0.004
1029,0.0,0,0,0.0011
1030,0.0,0,0,0.0034
1031,0.0,0,0,0.0061
1032,0.0,0,0,0.0034
1033,0.0,0,0,0.0177
1034,0.0,0,0,0.0041
1035,0.0,0,0,0.0229
1036,0.0,0,0,0.0303
1037,0.0,0,0,0.0217
1038,0.0,0,0,0.0011
1039,0.0,0,0,0.0029
1040,0.0,0,0,0.0039
1041,0.0,0,0,0.0017
1042,0.0,0,0,0.0111
1043,0.0,0,0,0.0031
1044,0.0,0,0,0.0051
1045,0.0,0,0,0.0017
1046,0.0,0,0,0.0031
1047,0.0,0,0,0.0017
1048,0.0,0,0,0.0216
1049,0.0,0,0,0.0075
1050,0.0,0,0,0.003
1051,0.0,0,0,0.0018
1052,0.0,0,0,0.0007
1053,0.0,0,0,0.0395
1054,0.0,0,0,0.0008
1055,0.0,0,0,0.0213
1056,0.0,0,0,0.0043
1057,0.0,0,0,0.0219
1058,0.0,0,0,0.0018
1059,0.0,0,0,0.001
1060,0.0,0,0,0.0014
1061,0.0,0,0,0.0015
1062,0.0,0,0,0.0036
1063,0.0,0,0,0.0075
1064,0.0,0,0,0.0148
1065,0.0,0,0,0.0027
1066,0.0,0,0,0.0032
1067,0.0,0,0,0.001
1068,0.0,0,0,0.0047
1069,0.0,0,0,0.0162
1070,0.0,0,0,0.001
1071,0.0,0,0,0.0014
1072,0.0,0,0,0.0045
1073,0.0,0,0,0.0018
1074,0.0,0,0,0.0007
1075,0.0,0,0,0.0296
1076,0.0,0,0,0.0084
1077,0.0,0,0,0.0032
1078,0.0,0,0,0.0213
1079,0.0,0,0,0.019
1080,0.0,0,0,0.0032
1081,0.0,0,0,0.0049
1082,0.0,0,0,0.0063
1083,0.0,0,0,0.011
1084,0.0,0,0,0.0213
1085,0.0,0,0,0.01
1086,0.0,0,0,0.0008
1087,0.0,0,0,0.0022
1088,0.0,0,0,0.0025
1089,0.0,0,0,0.0008
1090,0.0,0,0,0.0056
1091,0.0,0,0,0.0049
1092,0.0,0,0,0.0032
1093,0.0,0,0,0.0113
1094,0.0,0,0,0.0024
1095,0.0,0,0,0.0011
1096,0.0,0,0,0.0013
1097,0.0,0,0,0.0027
1098,0.0,0,0,0.0014
1099,0.0,0,0,0.0022
1100,0.0,0,0,0.0032
1101,0.0,0,0,0.0022
1102,0.0,0,0,0.0056
1103,0.0,0,0,0.0056
1104,0.0,0,0,0.0017
1105,0.0,0,0,0.0008
1106,0.0,0,0,0.0179
1107,0.0,0,0,0.003
1108,0.0,0,0,0.0031
1109,0.0,0,0,0.0184
1110,0.0,0,0,0.0056
1111,0.0,0,0,0.0043
1112,0.0,0,0,0.0003
1113,0.0,0,0,0.003
1114,0.0,0,0,0.0063
1115,0.0,0,0,0.0016
1116,0.0,0,0,0.0008
1117,0.0,0,0,0.0014
1118,0.0,0,0,0.0008
1119,0.0,0,0,0.0008
1120,0.0,0,0,0.0134
1121,0.0,0,0,0.0157
1122,0.0,0,0,0.003
1123,0.0,0,0,0.0018
1124,0.0,0,0,0.0094
1125,0.0,0,0,0.0038
1126,0.0,0,0,0.0028
1127,0.0,0,0,0.0028
1128,0.0,0,0,0.003
1129,0.0,0,0,0.0018
1130,0.0,0,0,0.0008
1131,0.0,0,0,0.0012
1132,0.0,0,0,0.0008
1133,0.0,0,0,0.0037
1134,0.0,0,0,0.0016
1135,0.0,0,0,0.0031
1136,0.0,0,0,0.0032
1137,0.0,0,0,0.0043
1138,0.0,0,0,0.0012
1139,0.0,0,0,0.0022
1140,0.0,0,0,0.0031
1141,0.0,0,0,0.0023
1142,0.0,0,0,0.0099
1143,0.0,0,0,0.0342
1144,0.0,0,0,0.0264
1145,0.0,0,0,0.0336
1146,0.0,0,0,0.0031
1147,0.0,0,0,0.006
1148,0.0,0,0,0.0048
1149,0.0,0,0,0.0174
1150,0.0,0,0,0.031
1151,0.0,0,0,0.0352
1152,0.0,0,0,0.0068
1153,0.0,0,0,0.004
1154,0.0,0,0,0.0283
1155,0.0,0,0,0.0046
1156,0.0,0,0,0.0091
1157,0.0,0,0,0.0213
1158,0.0,0,0,0.0056
1159,0.0,0,0,0.0049
1160,0.0,0,0,0.0121
1161,0.0,0,0,0.0026
1162,0.0,0,0,0.0105
1163,0.0,0,0,0.0028
1164,0.0,0,0,0.0246
1165,0.0,0,0,0.0031
1166,0.0,0,0,0.0064
1167,0.0,0,0,0.0031
1168,0.0,0,0,0.0107
1169,0.0,0,0,0.0056
1170,0.0,0,0,0.0044
1171,0.0,0,0,0.0088
1172,0.0,0,0,0.0043
1173,0.0,0,0,0.0075
1174,0.0,0,0,0.0039
1175,0.0,0,0,0.0227
1176,0.0,0,0,0.0032
1177,0.0,0,0,0.0046
1178,0.0,0,0,0.0021
1179,0.0,0,0,0.0102
1180,0.0,0,0,0.0041
1181,0.0,0,0,0.0012
1182,0.0,0,0,0.0053
1183,0.0,0,0,0.0033
1184,0.0,0,0,0.021
1185,0.0,0,0,0.0012
1186,0.0,0,0,0.0022
1187,0.0,0,0,0.0067
1188,0.0,0,0,0.0073
1189,0.0,0,0,0.0056
1190,0.0,0,0,0.0012
1191,0.0,0,0,0.0009
1192,0.0,0,0,0.0007
1193,0.0,0,0,0.0022
1194,0.0,0,0,0.001
1195,0.0,0,0,0.0034
1196,0.0,0,0,0.0053
1197,0.0,0,0,0.0222
1198,0.0,0,0,0.0053
1199,0.0,0,0,0.0033
1200,0.0,0,0,0.0003
1201,0.0,0,0,0.001
1202,0.0,0,0,0.0009
1203,0.0,0,0,0.0027
1204,0.0,0,0,0.0093
1205,0.0,0,0,0.0033
1206,0.0,0,0,0.0027
1207,0.0,0,0,0.0017
1208,0.0,0,0,0.0066
1209,0.0,0,0,0.001
1210,0.0,0,0,0.0058
1211,0.0,0,0,0.004
1212,0.0,0,0,0.0049
1213,0.0,0,0,0.003
1214,0.0,0,0,0.0066
1215,0.0,0,0,0.0043
1216,0.0,0,0,0.0037
1217,0.0,0,0,0.0008
1218,0.0,0,0,0.0062
1219,0.0,0,0,0.0058
1220,0.0,0,0,0.0057
1221,0.0,0,0,0.0026
1222,0.0,0,0,0.0032
1223,0.0,0,0,0.0015
1224,0.0,0,0,0.0012
1225,0.0,0,0,0.001
1226,0.0,0,0,0.0022
1227,0.0,0,0,0.004
1228,0.0,0,0,0.0181
1229,0.0,0,0,0.0012
1230,0.0,0,0,0.0063
1231,0.0,0,0,0.0015
1232,0.0,0,0,0.0043
1233,0.0,0,0,0.0208
1234,0.0,0,0,0.0007
1235,0.0,0,0,0.0037
1236,0.0,0,0,0.0016
1237,0.0,0,0,0.001
1238,0.0,0,0,0.0015
1239,0.0,0,0,0.0184
1240,0.0,0,0,0.0004
1241,0.0,0,0,0.0018
1242,0.0,0,0,0.0039
1243,0.0,0,0,0.0112
1244,0.0,0,0,0.0033
1245,0.0,0,0,0.003
1246,0.0,0,0,0.0108
1247,0.0,0,0,0.0024
1248,0.0,0,0,0.0016
1249,0.0,0,0,0.0042
1250,0.0,0,0,0.0023
1251,0.0,0,0,0.0044
1252,0.0,0,0,0.0025
1253,0.0,0,0,0.0047
1254,0.0,0,0,0.0004
1255,0.0,0,0,0.0007
1256,0.0,0,0,0.0051
1257,0.0,0,0,0.0013
1258,0.0,0,0,0.0206
1259,0.0,0,0,0.0055
1260,0.0,0,0,0.0033
1261,0.0,0,0,0.0006
1262,0.0,0,0,0.0029
1263,0.0,0,0,0.0043
1264,0.0,0,0,0.0009
1265,0.0,0,0,0.0106
1266,0.0,0,0,0.001
1267,0.0,0,0,0.0032
1268,0.0,0,0,0.0026
1269,0.0,0,0,0.0017
1270,0.0,0,0,0.0046
1271,0.0,0,0,0.0024
1272,0.0,0,0,0.0016
1273,0.0,0,0,0.0017
1274,0.0,0,0,0.0053
1275,0.0,0,0,1e-04
1276,0.0,0,0,0.0175
1277,0.0,0,0,0.0137
1278,0.0,0,0,0.0215
1279,0.0,0,0,0.0034
1280,0.0,0,0,0.0041
1281,0.0,0,0,0.0044
1282,0.0,0,0,0.023
1283,0.0,0,0,0.0126
1284,0.0,0,0,0.0061
1285,0.0,0,0,0.0046
1286,0.0,0,0,0.0007
1287,0.0,0,0,0.0005
1288,0.0,0,0,0.006
1289,0.0,0,0,0.0046
1290,0.0,0,0,0.0063
1291,0.0,0,0,0.0218
1292,0.0,0,0,0.0089
1293,0.0,0,0,0.0038
1294,0.0,0,0,0.0008
1295,0.0,0,0,0.0008
1296,0.0,0,0,0.0015
1297,0.0,0,0,0.0175
1298,0.0,0,0,0.022
1299,0.0,0,0,0.0065
1300,0.0,0,0,0.0063
1301,0.0,0,0,0.0193
1302,0.0,0,0,0.005
1303,0.0,0,0,0.0073
1304,0.0,0,0,0.0284
1305,0.0,0,0,0.0006
1306,0.0,0,0,0.0301
1307,0.0,0,0,0.0023
1308,0.0,0,0,0.0007
1309,0.0,0,0,0.0261
1310,0.0,0,0,0.0179
1311,0.0,0,0,0.0177
1312,0.0,0,0,0.0061
1313,0.0,0,0,0.0067
1314,0.0,0,0,0.024
1315,0.0,0,0,0.0218
1316,0.0,0,0,0.024
1317,0.0,0,0,0.0065
1318,0.0,0,0,0.0134
1319,0.0,0,0,0.0218
1320,0.0,0,0,0.0028
1321,0.0,0,0,0.0017
1322,0.0,0,0,0.0037
1323,0.0,0,0,0.0325
1324,0.0,0,0,0.0058
1325,0.0,0,0,0.001
1326,0.0,0,0,0.0096
1327,0.0,0,0,0.0135
1328,0.0,0,0,0.0218
1329,0.0,0,0,0.0014
1330,0.0,0,0,0.0105
1331,0.0,0,0,0.0153
1332,0.0,0,0,0.0066
1333,0.0,0,0,0.0065
1334,0.0,0,0,0.0
1335,0.0,0,0,0.0037
1336,0.0,0,0,0.0103
1337,0.0,0,0,0.0061
1338,0.0,0,0,0.0063
1339,0.0,0,0,0.0096
1340,0.0,0,0,0.0065
1341,0.0,0,0,0.0253
1342,0.0,0,0,0.0181
1343,0.0,0,0,0.0184
1344,0.0,0,0,0.0211
1345,0.0,0,0,0.0027
1346,0.0,0,0,0.0024
1347,0.0,0,0,0.0226
1348,0.0,0,0,0.0226
1349,0.0,0,0,0.0072
1350,0.0,0,0,0.0019
1351,0.0,0,0,0.0036
1352,0.0,0,0,0.0059
1353,0.0,0,0,0.0055
1354,0.0,0,0,0.0029
1355,0.0,0,0,0.0034
1356,0.0,0,0,0.0053
1357,0.0,0,0,0.0058
1358,0.0,0,0,0.0072
1359,0.0,0,0,0.0107
1360,0.0,0,0,0.0034
1361,0.0,0,0,0.0054
1362,0.0,0,0,0.005
1363,0.0,0,0,0.0056
1364,0.0,0,0,0.0007
1365,0.0,0,0,0.0024
1366,0.0,0,0,0.001
1367,0.0,0,0,0.0023
1368,0.0,0,0,0.0021
1369,0.0,0,0,0.0011
1370,0.0,0,0,0.0048
1371,0.0,0,0,0.0012
1372,0.0,0,0,0.002
1373,0.0,0,0,0.0068
1374,0.0,0,0,0.0015
1375,0.0,0,0,0.0101
1376,0.0,0,0,0.0044
1377,0.0,0,0,0.0107
1378,0.0,0,0,0.0015
1379,0.0,0,0,0.0038
1380,0.0,0,0,0.0023
1381,0.0,0,0,0.0019
1382,0.0,0,0,0.0012
1383,0.0,0,0,0.0015
1384,0.0,0,0,0.0012
1385,0.0,0,0,0.0067
1386,0.0,0,0,0.0053
1387,0.0,0,0,0.0037
1388,0.0,0,0,0.0015
1389,0.0,0,0,0.0052
1390,0.0,0,0,0.0215
1391,0.0,0,0,0.0057
1392,0.0,0,0,0.0018
1393,0.0,0,0,0.0025
1394,0.0,0,0,0.0012
1395,0.0,0,0,0.0038
1396,0.0,0,0,0.0017
1397,0.0,0,0,0.0046
1398,0.0,0,0,0.0069
1399,0.0,0,0,0.0095
1400,0.0,0,0,0.0056
1401,0.0,0,0,0.0015
1402,0.0,0,0,0.0053
1403,0.0,0,0,0.0088
1404,0.0,0,0,0.0054
1405,0.0,0,0,0.0043
1406,0.0,0,0,0.0009
1407,0.0,0,0,0.0014
1408,0.0,0,0,0.0017
1409,0.0,0,0,0.0031
1410,0.0,0,0,0.0031
1411,0.0,0,0,0.004
1412,0.0,0,0,0.0186
1413,0.0,0,0,0.0083
1414,0.0,0,0,0.0039
1415,0.0,0,0,0.0021
1416,0.0,0,0,0.0356
1417,0.0,0,0,0.0441
1418,0.0,0,0,0.023
1419,0.0,0,0,0.0135
1420,0.0,0,0,0.0176
1421,0.0,0,0,0.0307
1422,0.0,0,0,0.0187
1423,0.0,0,0,0.0462
1424,0.0,0,0,0.0042
1425,0.0,0,0,0.0185
1426,0.0,0,0,0.0265
1427,0.0,0,0,0.0163
1428,0.0,0,0,0.0154
1429,0.0,0,0,0.0232
1430,0.0,0,0,0.0002
1431,0.0,0,0,0.0081
1432,0.0,0,0,0.002
1433,0.0,0,0,0.0041
1434,0.0,0,0,0.0138
1435,0.0,0,0,0.008
1436,0.0,0,0,0.0313
1437,0.0,0,0,0.0185
1438,0.0,0,0,0.0101
1439,0.0,0,0,0.0012
1440,0.0,0,0,0.0006
1441,0.0,0,0,0.0011
1442,0.0,0,0,0.0012
1443,0.0,0,0,0.0017
1444,0.0,0,0,0.0016
1445,0.0,0,0,0.0009
1446,0.0,0,0,0.0004
1447,0.0,0,0,0.001
1448,0.0,0,0,1e-04
1449,0.0,0,0,0.0011
1450,0.0,0,0,0.0011
1451,0.0,0,0,0.0012
1452,0.0,0,0,0.0007
1453,0.0,0,0,0.0003
1454,0.0,0,0,0.0013
1455,0.0,0,0,0.0006
1456,0.0,0,0,0.0006
1457,0.0,0,0,0.0006
1458,0.0,0,0,0.001
1459,0.0,0,0,0.003
1460,0.0,0,0,0.0014
1461,0.0,0,0,0.0022
1462,0.0,0,0,0.0008
1463,0.0,0,0,0.0013
1464,0.0,0,0,0.0009
1465,0.0,0,0,0.003
1466,0.0,0,0,0.0003
1467,0.0,0,0,0.0019
1468,0.0,0,0,0.0003
1469,0.0,0,0,0.0006
1470,0.0,0,0,0.0011
1471,0.0,0,0,0.0012
1472,0.0,0,0,0.0021
1473,0.0,0,0,0.0
1474,0.0,0,0,0.0006
1475,0.0,0,0,0.0003
1476,0.0,0,0,0.0004
1477,0.0,0,0,0.0011
1478,0.0,0,0,0.0002
1479,0.0,0,0,0.0018
1480,0.0,0,0,0.0011
1481,0.0,0,0,0.0003
1482,0.0,0,0,0.0042
1483,0.0,0,0,0.0005
1484,0.0,0,0,0.0009
1485,0.0,0,0,0.0015
1486,0.0,0,0,0.0009
1487,0.0,0,0,0.0014
1488,0.0,0,0,0.0002
1489,0.0,0,0,0.0004
1490,0.0,0,0,0.0017
1491,0.0,0,0,0.0008
1492,0.0,0,0,0.0007
1493,0.0,0,0,0.0008
1494,0.0,0,0,0.0009
1495,0.0,0,0,0.0007
1496,0.0,0,0,0.0015
1497,0.0,0,0,0.0005
1498,0.0,0,0,0.0007
1499,0.0,0,0,0.0005
1500,0.0,0,0,0.0016
1501,0.0,0,0,0.0006
1502,0.0,0,0,1e-04
1503,0.0,0,0,0.0008
1504,0.0,0,0,0.0003
1505,0.0,0,0,0.0014
1506,0.0,0,0,0.0007
1507,0.0,0,0,0.001
1508,0.0,0,0,0.0002
1509,0.0,0,0,0.0005
1510,0.0,0,0,0.0022
1511,0.0,0,0,0.0006
1512,0.0,0,0,0.0018
1513,0.0,0,0,0.0008
1514,0.0,0,0,1e-04
1515,0.0,0,0,0.0007
1516,0.0,0,0,0.0013
1517,0.0,0,0,0.0007
1518,0.0,0,0,0.0027
1519,0.0,0,0,0.0007
1520,0.0,0,0,0.0004
1521,0.0,0,0,0.0023
1522,0.0,0,0,0.0007
1523,0.0,0,0,1e-04
1524,0.0,0,0,0.0
1525,0.0,0,0,0.0
1526,0.0,0,0,0.0011
1527,0.0,0,0,0.0025
1528,0.0,0,0,0.0019
1529,0.0,0,0,0.0007
1530,0.0,0,0,0.0012
1531,0.0,0,0,1e-04
1532,0.0,0,0,0.0012
1533,0.0,0,0,0.0015
1534,0.0,0,0,0.0013
1535,0.0,0,0,0.0007
1536,0.0,0,0,0.0003
1537,0.0,0,0,0.0002
1538,0.0,0,0,0.0
1539,0.0,0,0,0.0018
1540,0.0,0,0,0.0008
1541,0.0,0,0,0.0008
1542,0.0,0,0,0.0005
1543,0.0,0,0,0.0017
1544,0.0,0,0,0.0007
1545,0.0,0,0,0.0017
1546,0.0,0,0,0.0
1547,0.0,0,0,0.0009
1548,0.0,0,0,0.0018
1549,0.0,0,0,0.0004
1550,0.0,0,0,0.0007
1551,0.0,0,0,1e-04
1552,0.0,0,0,0.0013
1553,0.0,0,0,0.0003
1554,0.0,0,0,0.0002
1555,0.0,0,0,0.0008
1556,0.0,0,0,0.0007
1557,0.0,0,0,0.0009
1558,0.0,0,0,0.0004
1559,0.0,0,0,0.0009
1560,0.0,0,0,1e-04
1561,0.0,0,0,0.001
1562,0.0,0,0,0.0009
1563,0.0,0,0,0.0006
1564,0.0,0,0,0.0007
1565,0.0,0,0,0.002
1566,0.0,0,0,0.0019
1567,0.0,0,0,0.0004
1568,0.0,0,0,0.0013
1569,0.0,0,0,0.0007
1570,0.0,0,0,0.001
1571,0.0,0,0,0.0006
1572,0.0,0,0,0.0009
1573,0.0,0,0,0.0004
1574,0.0,0,0,0.0002
1575,0.0,0,0,0.0017
1576,0.0,0,0,0.0004
1577,0.0,0,0,0.0009
1578,0.0,0,0,0.0008
1579,0.0,0,0,0.0007
1580,0.0,0,0,0.0005
1581,0.0,0,0,0.0005
1582,0.0,0,0,0.0006
1583,0.0,0,0,0.0007
1584,0.0,0,0,0.001
1585,0.0,0,0,1e-04
1586,0.0,0,0,0.0007
1587,0.0,0,0,0.0012
1588,0.0,0,0,0.0003
1589,0.0,0,0,0.0002
1590,0.0,0,0,0.0014
1591,0.0,0,0,0.0015
1592,0.0,0,0,0.0006
1593,0.0,0,0,0.0003
1594,0.0,0,0,0.0
1595,0.0,0,0,0.0006
1596,0.0,0,0,0.0018
1597,0.0,0,0,0.002
1598,0.0,0,0,0.0
1599,0.0,0,0,0.0007
1600,0.0,0,0,0.002
1601,0.0,0,0,0.0006
1602,0.0,0,0,0.001
1603,0.0,0,0,0.0003
1604,0.0,0,0,0.0002
1605,0.0,0,0,0.0006
1606,0.0,0,0,0.0008
1607,0.0,0,0,0.0011
1608,0.0,0,0,0.0008
1609,0.0,0,0,1e-04
1610,0.0,0,0,0.0002
1611,0.0,0,0,0.0026
1612,0.0,0,0,0.0015
1613,0.0,0,0,0.0016
1614,0.0,0,0,0.0009
1615,0.0,0,0,0.0
1616,0.0,0,0,0.0015
1617,0.0,0,0,0.0022
1618,0.0,0,0,0.0008
1619,0.0,0,0,0.0005
1620,0.0,0,0,0.0012
1621,0.0,0,0,0.0002
1622,0.0,0,0,0.0004
1623,0.0,0,0,0.0015
1624,0.0,0,0,0.0006
1625,0.0,0,0,0.0015
1626,0.0,0,0,0.0004
1627,0.0,0,0,0.0011
1628,0.0,0,0,0.0004
1629,0.0,0,0,0.0015
1630,0.0,0,0,0.0003
1631,0.0,0,0,0.0015
1632,0.0,0,0,0.0005
1633,0.0,0,0,0.0009
1634,0.0,0,0,0.0005
1635,0.0,0,0,0.0007
1636,0.0,0,0,0.0007
1637,0.0,0,0,0.0007
1638,0.0,0,0,0.002
1639,0.0,0,0,1e-04
1640,0.0,0,0,0.0014
1641,0.0,0,0,0.0004
1642,0.0,0,0,0.0025
1643,0.0,0,0,0.0006
1644,0.0,0,0,0.0015
1645,0.0,0,0,0.0
1646,0.0,0,0,0.0004
1647,0.0,0,0,0.001
1648,0.0,0,0,0.0005
1649,0.0,0,0,0.0026
1650,0.0,0,0,0.0017
1651,0.0,0,0,0.0003
1652,0.0,0,0,0.001
1653,0.0,0,0,0.0
1654,0.0,0,0,0.0014
1655,0.0,0,0,0.0006
1656,0.0,0,0,0.0004
1657,0.0,0,0,0.0008
1658,0.0,0,0,0.0008
1659,0.0,0,0,0.0007
1660,0.0,0,0,0.0014
1661,0.0,0,0,0.0006
1662,0.0,0,0,0.0004
1663,0.0,0,0,0.0022
1664,0.0,0,0,0.0007
1665,0.0,0,0,0.0007
1666,0.0,0,0,0.0008
1667,0.0,0,0,0.0004
1668,0.0,0,0,1e-04
1669,0.0,0,0,0.0007
1670,0.0,0,0,0.0008
1671,0.0,0,0,0.001
1672,0.0,0,0,0.0008
1673,0.0,0,0,0.0007
1674,0.0,0,0,0.0014
1675,0.0,0,0,0.0015
1676,0.0,0,0,0.0008
1677,0.0,0,0,0.0002
1678,0.0,0,0,0.001
1679,0.0,0,0,0.0004
1680,0.0,0,0,0.0018
1681,0.0,0,0,0.0005
1682,0.0,0,0,1e-04
1683,0.0,0,0,0.0018
1684,0.0,0,0,0.0015
1685,0.0,0,0,0.0026
1686,0.0,0,0,0.0007
1687,0.0,0,0,0.0015
1688,0.0,0,0,0.0003
1689,0.0,0,0,0.0002
1690,0.0,0,0,0.0237
1691,0.0,0,0,0.0002
1692,0.0,0,0,0.0014
1693,0.0,0,0,0.0018
1694,0.0,0,0,0.0004
1695,0.0,0,0,0.0008
1696,0.0,0,0,0.0006
1697,0.0,0,0,0.0
1698,0.0,0,0,0.0006
1699,0.0,0,0,0.0
1700,0.0,0,0,0.0005
1701,0.0,0,0,0.0007
1702,0.0,0,0,0.0002
1703,0.0,0,0,0.0
1704,0.0,0,0,0.0006
1705,0.0,0,0,1e-04
1706,0.0,0,0,0.0029
1707,0.0,0,0,1e-04
1708,0.0,0,0,0.004
1709,0.0,0,0,0.001
1710,0.0,0,0,0.0003
1711,0.0,0,0,0.0005
1712,0.0,0,0,0.0083
1713,0.0,0,0,0.0026
1714,0.0,0,0,0.0008
1715,0.0,0,0,0.0005
1716,0.0,0,0,0.0002
1717,0.0,0,0,0.001
1718,0.0,0,0,0.0
1719,0.0,0,0,0.0002
1720,0.0,0,0,0.0005
1721,0.0,0,0,0.0006
1722,0.0,0,0,0.0016
1723,0.0,0,0,0.0005
1724,0.0,0,0,0.0007
1725,0.0,0,0,0.0002
1726,0.0,0,0,0.0002
1727,0.0,0,0,0.0006
1728,0.0,0,0,0.0002
1729,0.0,0,0,0.0
1730,0.0,0,0,0.0007
1731,0.0,0,0,1e-04
1732,0.0,0,0,0.0
1733,0.0,0,0,1e-04
1734,0.0,0,0,0.0005
1735,0.0,0,0,0.0014
1736,0.0,0,0,0.0004
1737,0.0,0,0,0.0
1738,0.0,0,0,0.0009
1739,0.0,0,0,0.0011
1740,0.0,0,0,1e-04
1741,0.0,0,0,0.0
1742,0.0,0,0,0.001
1743,0.0,0,0,0.0
1744,0.0,0,0,0.0005
1745,0.0,0,0,0.001
1746,0.0,0,0,0.0
1747,0.0,0,0,0.0
1748,0.0,0,0,0.0007
1749,0.0,0,0,0.0016
1750,0.0,0,0,1e-04
1751,0.0,0,0,0.001
1752,0.0,0,0,0.0
1753,0.0,0,0,0.0005
1754,0.0,0,0,0.0009
1755,0.0,0,0,0.0016
1756,0.0,0,0,0.0009
1757,0.0,0,0,1e-04
1758,0.0,0,0,0.0
1759,0.0,0,0,0.0014
1760,0.0,0,0,0.0009
1761,0.0,0,0,0.0004
1762,0.0,0,0,0.018
1763,0.0,0,0,0.0038
1764,0.0,0,0,0.0056
1765,0.0,0,0,0.0012
1766,0.0,0,0,0.0136
1767,0.0,0,0,0.0012
1768,0.0,0,0,0.0066
1769,0.0,0,0,0.0011
1770,0.0,0,0,0.0033
1771,0.0,0,0,0.0085
1772,0.0,0,0,0.0021
1773,0.0,0,0,1e-04
1774,0.0,0,0,0.001
1775,0.0,0,0,0.0015
1776,0.0,0,0,0.0013
1777,0.0,0,0,1e-04
1778,0.0,0,0,0.0012
1779,0.0,0,0,0.0019
1780,0.0,0,0,0.0028
1781,0.0,0,0,0.0016
1782,0.0,0,0,0.0011
1783,0.0,0,0,0.0025
1784,0.0,0,0,0.001
1785,0.0,0,0,0.0012
1786,0.0,0,0,0.0014
1787,0.0,0,0,0.0017
1788,0.0,0,0,1e-04
1789,0.0,0,0,0.0019
1790,0.0,0,0,0.0012
1791,0.0,0,0,0.0013
1792,0.0,0,0,0.0
1793,0.0,0,0,0.0011
1794,0.0,0,0,0.0004
1795,0.0,0,0,0.001
1796,0.0,0,0,0.001
1797,0.0,0,0,0.001
1798,0.0,0,0,0.0023
1799,0.0,0,0,0.0009
1800,0.0,0,0,0.0213
1801,0.0,0,0,0.0027
1802,0.0,0,0,0.0013
1803,0.0,0,0,0.0
1804,0.0,0,0,0.0
1805,0.0,0,0,0.0
1806,0.0,0,0,0.0032
1807,0.0,0,0,0.0
1808,0.0,0,0,1e-04
1809,0.0,0,0,1e-04
1810,0.0,0,0,0.0
1811,0.0,0,0,0.0008
1812,0.0,0,0,0.001
1813,0.0,0,0,1e-04
1814,0.0,0,0,1e-04
1815,0.0,0,0,0.0
1816,0.0,0,0,1e-04
1817,0.0,0,0,0.0071
1818,0.0,0,0,0.0
1819,0.0,0,0,0.0
1820,0.0,0,0,1e-04
1821,0.0,0,0,1e-04
1822,0.0,0,0,0.0
1823,0.0,0,0,0.0004
1824,0.0,0,0,0.0
1825,0.0,0,0,0.0009
1826,0.0,0,0,0.0002
1827,0.0,0,0,0.0017
1828,0.0,0,0,0.0144
1829,0.0,0,0,1e-04
1830,0.0,0,0,1e-04
1831,0.0,0,0,0.0006
1832,0.0,0,0,0.0004
1833,0.0,0,0,0.0109
1834,0.0,0,0,0.0
1835,0.0,0,0,0.006
1836,0.0,0,0,0.0034
1837,0.0,0,0,0.0099
1838,0.0,0,0,0.0007
1839,0.0,0,0,0.0028
1840,0.0,0,0,0.0042
1841,0.0,0,0,0.0007
1842,0.0,0,0,0.0
1843,0.0,0,0,0.0106
1844,0.0,0,0,0.0013
1845,0.0,0,0,0.0
1846,0.0,0,0,0.0214
1847,0.0,0,0,0.0015
1848,0.0,0,0,0.0011
1849,0.0,0,0,0.001
1850,0.0,0,0,0.0087
1851,0.0,0,0,0.0039
1852,0.0,0,0,0.0042
1853,0.0,0,0,0.0058
1854,0.0,0,0,0.0009
1855,0.0,0,0,0.0014
1856,0.0,0,0,0.0
1857,0.0,0,0,1e-04
1858,0.0,0,0,0.0
1859,0.0,0,0,0.0
1860,0.0,0,0,0.0
1861,0.0,0,0,0.0008
1862,0.0,0,0,0.0401
1863,0.0,0,0,0.0004
1864,0.0,0,0,0.0003
1865,0.0,0,0,0.0008
1866,0.0,0,0,0.0011
1867,0.0,0,0,0.0055
1868,0.0,0,0,0.0012
1869,0.0,0,0,0.0008
1870,0.0,0,0,0.0
1871,0.0,0,0,0.0
1872,0.0,0,0,0.0
1873,0.0,0,0,0.0019
1874,0.0,0,0,0.0013
1875,0.0,0,0,0.0031
1876,0.0,0,0,0.0002
1877,0.0,0,0,0.0013
1878,0.0,0,0,0.0012
1879,0.0,0,0,0.0013
1880,0.0,0,0,1e-04
1881,0.0,0,0,0.0012
1882,0.0,0,0,0.0017
1883,0.0,0,0,0.0
1884,0.0,0,0,0.0048
1885,0.0,0,0,0.0042
1886,0.0,0,0,0.0011
1887,0.0,0,0,0.0008
1888,0.0,0,0,0.001
1889,0.0,0,0,0.0
1890,0.0,0,0,0.0002
1891,0.0,0,0,0.0011
1892,0.0,0,0,0.0007
1893,0.0,0,0,0.0
1894,0.0,0,0,0.0
1895,0.0,0,0,0.0008
1896,0.0,0,0,1e-04
1897,0.0,0,0,1e-04
1898,0.0,0,0,1e-04
1899,0.0,0,0,0.0041
1900,0.0,0,0,0.0003
1901,0.0,0,0,0.0041
1902,0.0,0,0,0.0041
1903,0.0,0,0,0.0024
1904,0.0,0,0,0.0082
1905,0.0,0,0,0.0025
1906,0.0,0,0,1e-04
1907,0.0,0,0,1e-04
1908,0.0,0,0,0.0078
1909,0.0,0,0,0.0045
1910,0.0,0,0,0.0053
1911,0.0,0,0,1e-04
1912,0.0,0,0,0.0009
1913,0.0,0,0,0.0011
1914,0.0,0,0,1e-04
1915,0.0,0,0,1e-04
1916,0.0,0,0,0.0016
1917,0.0,0,0,0.0029
1918,0.0,0,0,0.0003
1919,0.0,0,0,0.0
1920,0.0,0,0,0.0002
1921,0.0,0,0,1e-04
1922,0.0,0,0,0.0015
1923,0.0,0,0,0.0
1924,0.0,0,0,0.0003
1925,0.0,0,0,0.0018
1926,0.0,0,0,0.0015
1927,0.0,0,0,0.0066
1928,0.0,0,0,0.0029
1929,0.0,0,0,0.0003
1930,0.0,0,0,0.029
1931,0.0,0,0,0.0007
1932,0.0,0,0,1e-04
1933,0.0,0,0,0.0
1934,0.0,0,0,0.0083
1935,0.0,0,0,0.0
1936,0.0,0,0,0.0004
1937,0.0,0,0,0.0059
1938,0.0,0,0,0.0034
1939,0.0,0,0,0.0002
1940,0.0,0,0,0.0002
1941,0.0,0,0,0.0002
1942,0.0,0,0,0.0002
1943,0.0,0,0,1e-04
1944,0.0,0,0,0.0015
1945,0.0,0,0,0.0015
1946,0.0,0,0,0.0005
1947,0.0,0,0,0.0003
1948,0.0,0,0,0.0011
1949,0.0,0,0,1e-04
1950,0.0,0,0,0.0
1951,0.0,0,0,0.0002
1952,0.0,0,0,0.0003
1953,0.0,0,0,0.0011
1954,0.0,0,0,0.0011
1955,0.0,0,0,0.0002
1956,0.0,0,0,0.0049
1957,0.0,0,0,0.0022
1958,0.0,0,0,0.0012
1959,0.0,0,0,0.0036
1960,0.0,0,0,0.0051
1961,0.0,0,0,0.0014
1962,0.0,0,0,0.0035
1963,0.0,0,0,0.0
1964,0.0,0,0,0.0015
1965,0.0,0,0,0.0
1966,0.0,0,0,1e-04
1967,0.0,0,0,0.0002
1968,0.0,0,0,0.002
1969,0.0,0,0,0.0008
1970,0.0,0,0,0.0013
1971,0.0,0,0,0.0003
1972,0.0,0,0,0.0011
1973,0.0,0,0,1e-04
1974,0.0,0,0,0.0
1975,0.0,0,0,0.0
1976,0.0,0,0,0.0002
1977,0.0,0,0,1e-04
1978,0.0,0,0,0.0
1979,0.0,0,0,1e-04
1980,0.0,0,0,0.0045
1981,0.0,0,0,0.0026
1982,0.0,0,0,0.0019
1983,0.0,0,0,0.0271
1984,0.0,0,0,0.0015
1985,0.0,0,0,0.0002
1986,0.0,0,0,0.0016
1987,0.0,0,0,0.0017
1988,0.0,0,0,0.0002
1989,0.0,0,0,0.0016
1990,0.0,0,0,0.0
1991,0.0,0,0,0.0006
1992,0.0,0,0,0.0
1993,0.0,0,0,0.0
1994,0.0,0,0,0.0015
1995,0.0,0,0,0.0074
1996,0.0,0,0,0.0086
1997,0.0,0,0,0.0019
1998,0.0,0,0,0.0054
1999,0.0,0,0,0.0019
2000,0.0,0,0,0.0017
2001,0.0,0,0,0.0025
2002,0.0,0,0,0.0015
2003,0.0,0,0,0.0034
2004,0.0,0,0,0.0023
2005,0.0,0,0,0.0
2006,0.0,0,0,0.0
2007,0.0,0,0,1e-04
2008,0.0,0,0,0.0
2009,0.0,0,0,0.0
2010,0.0,0,0,0.0005
2011,0.0,0,0,1e-04
2012,0.0,0,0,0.0013
2013,0.0,0,0,1e-04
2014,0.0,0,0,0.0025
2015,0.0,0,0,0.0028
2016,0.0,0,0,0.0
2017,0.0,0,0,0.0
2018,0.0,0,0,0.0
2019,0.0,0,0,1e-04
2020,0.0,0,0,1e-04
2021,0.0,0,0,0.0013
2022,0.0,0,0,1e-04
2023,0.0,0,0,0.0
2024,0.0,0,0,0.0002
2025,0.0,0,0,0.0
2026,0.0,0,0,0.0
2027,0.0,0,0,0.0
2028,0.0,0,0,1e-04
2029,0.0,0,0,0.0016
2030,0.0,0,0,0.0
2031,0.0,0,0,0.0055
2032,0.0,0,0,0.0
2033,0.0,0,0,0.0
2034,0.0,0,0,0.0
2035,0.0,0,0,0.0003
2036,0.0,0,0,0.0
2037,0.0,0,0,0.0
2038,0.0,0,0,0.0
2039,0.0,0,0,0.0003
2040,0.0,0,0,0.003
2041,0.0,0,0,1e-04
2042,0.0,0,0,0.0
2043,0.0,0,0,0.0
2044,0.0,0,0,0.0
2045,0.0,0,0,0.0002
2046,0.0,0,0,0.0003
2047,0.0,0,0,0.001
2048,0.0,0,0,0.0008
2049,0.0,0,0,0.0
2050,0.0,0,0,0.0027
2051,0.0,0,0,0.0
2052,0.0,0,0,0.0003
2053,0.0,0,0,0.0003
2054,0.0,0,0,0.0
2055,0.0,0,0,0.0002
2056,0.0,0,0,0.0
2057,0.0,0,0,0.0
2058,0.0,0,0,1e-04
2059,0.0,0,0,0.0
2060,0.0,0,0,0.0007
2061,0.0,0,0,0.0006
2062,0.0,0,0,0.0
2063,0.0,0,0,0.0
2064,0.0,0,0,1e-04
2065,0.0,0,0,1e-04
2066,0.0,0,0,0.0
2067,0.0,0,0,0.0
2068,0.0,0,0,0.0004
2069,0.0,0,0,0.0
2070,0.0,0,0,1e-04
2071,0.0,0,0,0.0176
2072,0.0,0,0,0.0
2073,0.0,0,0,1e-04
2074,0.0,0,0,0.0
2075,0.0,0,0,1e-04
2076,0.0,0,0,0.0
2077,0.0,0,0,0.0002
2078,0.0,0,0,0.0002
2079,0.0,0,0,0.0002
2080,0.0,0,0,0.0002
2081,0.0,0,0,0.0
2082,0.0,0,0,0.0006
2083,0.0,0,0,0.0
2084,0.0,0,0,1e-04
2085,0.0,0,0,0.0076
2086,0.0,0,0,0.0011
2087,0.0,0,0,0.001
2088,0.0,0,0,0.0021
2089,0.0,0,0,0.0
2090,0.0,0,0,0.0
2091,0.0,0,0,0.0015
2092,0.0,0,0,0.0076
2093,0.0,0,0,0.0015
2094,0.0,0,0,0.0016
2095,0.0,0,0,0.001
2096,0.0,0,0,0.0037
2097,0.0,0,0,0.003
2098,0.0,0,0,0.0005
2099,0.0,0,0,0.0042
2100,0.0,0,0,0.0041
2101,0.0,0,0,0.0133
2102,0.0,0,0,0.0121
2103,0.0,0,0,0.0192
2104,0.0,0,0,0.0121
2105,0.0,0,0,0.0183
2106,0.0,0,0,0.001
2107,0.0,0,0,0.0008
2108,0.0,0,0,0.001
2109,0.0,0,0,0.0086
2110,0.0,0,0,0.0011
2111,0.0,0,0,0.0019
2112,0.0,0,0,0.0024
2113,0.0,0,0,0.0002
2114,0.0,0,0,0.0027
2115,0.0,0,0,0.001
2116,0.0,0,0,0.0012
2117,0.0,0,0,0.0059
2118,0.0,0,0,0.0014
2119,0.0,0,0,0.0059
2120,0.0,0,0,0.0009
2121,0.0,0,0,0.002
2122,0.0,0,0,0.0018
2123,0.0,0,0,0.0013
2124,0.0,0,0,0.0008
2125,0.0,0,0,0.0023
2126,0.0,0,0,0.0008
2127,0.0,0,0,0.0008
2128,0.0,0,0,0.0013
2129,0.0,0,0,1e-04
2130,0.0,0,0,0.0015
2131,0.0,0,0,0.0023
2132,0.0,0,0,0.0017
2133,0.0,0,0,0.0017
2134,0.0,0,0,0.0024
2135,0.0,0,0,0.0016
2136,0.0,0,0,0.0015
2137,0.0,0,0,0.002
2138,0.0,0,0,0.001
2139,0.0,0,0,0.0024
2140,0.0,0,0,0.0038
2141,0.0,0,0,0.0018
2142,0.0,0,0,0.0027
2143,0.0,0,0,0.0026
2144,0.0,0,0,0.0037
2145,0.0,0,0,0.0029
2146,0.0,0,0,0.0022
2147,0.0,0,0,0.0015
2148,0.0,0,0,0.0027
2149,0.0,0,0,0.0008
2150,0.0,0,0,0.0199
2151,0.0,0,0,0.0025
2152,0.0,0,0,1e-04
2153,0.0,0,0,0.0025
2154,0.0,0,0,0.0044
2155,0.0,0,0,0.0017
2156,0.0,0,0,0.0057
2157,0.0,0,0,0.0013
2158,0.0,0,0,0.0286
2159,0.0,0,0,0.0188
2160,0.0,0,0,0.0037
2161,0.0,0,0,0.0127
2162,0.0,0,0,0.0058
2163,0.0,0,0,0.0029
2164,0.0,0,0,0.0052
2165,0.0,0,0,0.0021
2166,0.0,0,0,0.0019
2167,0.0,0,0,0.0047
2168,0.0,0,0,0.0015
2169,0.0,0,0,0.0043
2170,0.0,0,0,0.0031
2171,0.0,0,0,0.0013
2172,0.0,0,0,0.0009
2173,0.0,0,0,0.0015
2174,0.0,0,0,0.0032
2175,0.0,0,0,0.0013
2176,0.0,0,0,0.02
2177,0.0,0,0,0.0006
2178,0.0,0,0,1e-04
2179,0.0,0,0,0.0015
2180,0.0,0,0,0.0315
2181,0.0,0,0,0.0013
2182,0.0,0,0,0.0024
2183,0.0,0,0,0.0023
2184,0.0,0,0,0.0011
2185,0.0,0,0,0.0013
2186,0.0,0,0,0.001
2187,0.0,0,0,0.0003
2188,0.0,0,0,0.0035
2189,0.0,0,0,0.0024
2190,0.0,0,0,0.001
2191,0.0,0,0,0.0022
2192,0.0,0,0,0.0012
2193,0.0,0,0,0.0127
2194,0.0,0,0,0.0009
2195,0.0,0,0,0.0015
2196,0.0,0,0,0.0025
2197,0.0,0,0,0.001
2198,0.0,0,0,0.0023
2199,0.0,0,0,0.001
2200,0.0,0,0,0.0011
2201,0.0,0,0,0.0115
2202,0.0,0,0,0.0011
2203,0.0,0,0,0.0047
2204,0.0,0,0,0.0011
2205,0.0,0,0,0.0039
2206,0.0,0,0,0.0115
2207,0.0,0,0,0.0016
2208,0.0,0,0,0.0115
2209,0.0,0,0,0.0007
2210,0.0,0,0,0.0018
2211,0.0,0,0,0.0026
2212,0.0,0,0,0.0023
2213,0.0,0,0,0.0091
2214,0.0,0,0,0.0019
2215,0.0,0,0,0.0166
2216,0.0,0,0,0.0113
2217,0.0,0,0,0.0008
2218,0.0,0,0,0.0012
2219,0.0,0,0,0.0026
2220,0.0,0,0,0.0012
2221,0.0,0,0,0.0021
2222,0.0,0,0,0.0014
2223,0.0,0,0,0.002
2224,0.0,0,0,0.0015
2225,0.0,0,0,0.0008
2226,0.0,0,0,0.0016
2227,0.0,0,0,0.0007
2228,0.0,0,0,0.0008
2229,0.0,0,0,0.0009
2230,0.0,0,0,0.0015
2231,0.0,0,0,0.0104
2232,0.0,0,0,0.0015
2233,0.0,0,0,0.0162
2234,0.0,0,0,0.0017
2235,0.0,0,0,0.0003
2236,0.0,0,0,0.0018
2237,0.0,0,0,0.003
2238,0.0,0,0,0.0184
2239,0.0,0,0,0.0
2240,0.0,0,0,0.0026
2241,0.0,0,0,0.003
2242,0.0,0,0,0.0144
2243,0.0,0,0,0.0
2244,0.0,0,0,0.0015
2245,0.0,0,0,0.0011
2246,0.0,0,0,0.0009
2247,0.0,0,0,0.002
2248,0.0,0,0,0.0029
2249,0.0,0,0,0.0047
2250,0.0,0,0,0.0144
2251,0.0,0,0,0.0067
2252,0.0,0,0,0.0006
2253,0.0,0,0,0.0019
2254,0.0,0,0,0.0023
2255,0.0,0,0,0.0059
2256,0.0,0,0,0.013
2257,0.0,0,0,0.0019
2258,0.0,0,0,0.013
2259,0.0,0,0,0.0019
2260,0.0,0,0,0.0146
2261,0.0,0,0,0.0126
2262,0.0,0,0,0.0141
2263,0.0,0,0,0.001
2264,0.0,0,0,0.0146
2265,0.0,0,0,0.0006
2266,0.0,0,0,0.0171
2267,0.0,0,0,0.0081
2268,0.0,0,0,0.0019
2269,0.0,0,0,0.0013
2270,0.0,0,0,0.0036
2271,0.0,0,0,0.0118
2272,0.0,0,0,0.0123
2273,0.0,0,0,1e-04
2274,0.0,0,0,0.0028
2275,0.0,0,0,0.0
2276,0.0,0,0,0.0024
2277,0.0,0,0,0.0011
2278,0.0,0,0,0.0021
2279,0.0,0,0,0.0015
2280,0.0,0,0,0.013
2281,0.0,0,0,0.0128
2282,0.0,0,0,0.0188
2283,0.0,0,0,0.0298
2284,0.0,0,0,0.0019
2285,0.0,0,0,0.0016
2286,0.0,0,0,0.0102
2287,0.0,0,0,0.0008
2288,0.0,0,0,0.0113
2289,0.0,0,0,0.0016
2290,0.0,0,0,0.0142
2291,0.0,0,0,0.0008
2292,0.0,0,0,0.0196
2293,0.0,0,0,0.0006
2294,0.0,0,0,0.0015
2295,0.0,0,0,0.0039
2296,0.0,0,0,0.0146
2297,0.0,0,0,0.006
2298,0.0,0,0,0.0104
2299,0.0,0,0,0.0012
2300,0.0,0,0,0.0129
2301,0.0,0,0,0.0003
2302,0.0,0,0,0.003
2303,0.0,0,0,0.0083
2304,0.0,0,0,0.0129
2305,0.0,0,0,0.0005
2306,0.0,0,0,0.013
2307,0.0,0,0,0.0007
2308,0.0,0,0,0.013
2309,0.0,0,0,0.0025
2310,0.0,0,0,0.0129
2311,0.0,0,0,0.004
2312,0.0,0,0,0.0188
2313,0.0,0,0,0.0008
2314,0.0,0,0,0.0184
2315,0.0,0,0,0.0004
2316,0.0,0,0,0.0019
2317,0.0,0,0,0.0007
2318,0.0,0,0,0.0031
2319,0.0,0,0,0.0004
2320,0.0,0,0,0.0015
2321,0.0,0,0,0.0013
2322,0.0,0,0,0.0014
2323,0.0,0,0,0.0013
2324,0.0,0,0,0.0023
2325,0.0,0,0,0.0013
2326,0.0,0,0,0.0023
2327,0.0,0,0,0.001
2328,0.0,0,0,0.0013
2329,0.0,0,0,0.0013
2330,0.0,0,0,0.001
2331,0.0,0,0,0.0175
2332,0.0,0,0,0.0006
2333,0.0,0,0,0.0005
2334,0.0,0,0,0.001
2335,0.0,0,0,1e-04
2336,0.0,0,0,0.002
2337,0.0,0,0,0.0007
2338,0.0,0,0,0.0002
2339,0.0,0,0,0.0027
2340,0.0,0,0,0.0016
2341,0.0,0,0,0.0012
2342,0.0,0,0,0.0017
2343,0.0,0,0,0.0008
2344,0.0,0,0,0.0006
2345,0.0,0,0,0.0032
2346,0.0,0,0,0.0035
2347,0.0,0,0,0.0004
2348,0.0,0,0,0.0002
2349,0.0,0,0,0.0022
2350,0.0,0,0,0.0022
2351,0.0,0,0,0.0018
2352,0.0,0,0,0.0018
2353,0.0,0,0,0.003
2354,0.0,0,0,0.0006
2355,0.0,0,0,0.0031
2356,0.0,0,0,0.0038
2357,0.0,0,0,0.0006
2358,0.0,0,0,0.0026
2359,0.0,0,0,0.0018
2360,0.0,0,0,0.006
2361,0.0,0,0,0.0004
2362,0.0,0,0,0.0004
2363,0.0,0,0,0.004
2364,0.0,0,0,0.0034
2365,0.0,0,0,0.0038
2366,0.0,0,0,0.0035
2367,0.0,0,0,0.003
2368,0.0,0,0,0.0031
2369,0.0,0,0,0.0034
2370,0.0,0,0,0.0035
2371,0.0,0,0,0.0036
2372,0.0,0,0,0.0025
2373,0.0,0,0,0.0004
2374,0.0,0,0,0.0003
2375,0.0,0,0,0.0006
2376,0.0,0,0,0.0028
2377,0.0,0,0,0.0028
2378,0.0,0,0,0.0006
2379,0.0,0,0,0.0004
2380,0.0,0,0,0.0014
2381,0.0,0,0,0.0025
2382,0.0,0,0,0.0022
2383,0.0,0,0,0.0011
2384,0.0,0,0,0.0021
2385,0.0,0,0,0.0015
2386,0.0,0,0,0.0003
2387,0.0,0,0,0.0083
2388,0.0,0,0,0.0083
2389,0.0,0,0,0.0038
2390,0.0,0,0,0.0008
2391,0.0,0,0,0.0006
2392,0.0,0,0,0.0036
2393,0.0,0,0,0.0003
2394,0.0,0,0,0.0008
2395,0.0,0,0,0.0017
2396,0.0,0,0,0.003
2397,0.0,0,0,0.0093
2398,0.0,0,0,0.0048
2399,0.0,0,0,0.0008
2400,0.0,0,0,0.0164
2401,0.0,0,0,0.0025
2402,0.0,0,0,0.0007
2403,0.0,0,0,0.0074
2404,0.0,0,0,0.0042
2405,0.0,0,0,0.0072
2406,0.0,0,0,0.0029
2407,0.0,0,0,0.0047
2408,0.0,0,0,0.0039
2409,0.0,0,0,0.002
2410,0.0,0,0,0.0061
2411,0.0,0,0,0.0135
2412,0.0,0,0,0.0081
2413,0.0,0,0,0.0047
2414,0.0,0,0,0.0103
2415,0.0,0,0,0.0061
2416,0.0,0,0,0.0047
2417,0.0,0,0,0.0118
2418,0.0,0,0,0.012
2419,0.0,0,0,0.0073
2420,0.0,0,0,0.0012
2421,0.0,0,0,0.0084
2422,0.0,0,0,0.0113
2423,0.0,0,0,0.0008
2424,0.0,0,0,0.0047
2425,0.0,0,0,0.0104
2426,0.0,0,0,0.0052
2427,0.0,0,0,0.0042
2428,0.0,0,0,0.0104
2429,0.0,0,0,0.0008
2430,0.0,0,0,0.0066
2431,0.0,0,0,0.0047
2432,0.0,0,0,0.0064
2433,0.0,0,0,0.0053
2434,0.0,0,0,0.0064
2435,0.0,0,0,0.0101
2436,0.0,0,0,0.0058
2437,0.0,0,0,0.0052
2438,0.0,0,0,0.0052
2439,0.0,0,0,0.0034
2440,0.0,0,0,0.0121
2441,0.0,0,0,0.0133
2442,0.0,0,0,0.0057
2443,0.0,0,0,0.0046
2444,0.0,0,0,0.0028
2445,0.0,0,0,0.0009
2446,0.0,0,0,0.0184
2447,0.0,0,0,0.0006
2448,0.0,0,0,0.0052
2449,0.0,0,0,0.0076
2450,0.0,0,0,0.0067
2451,0.0,0,0,0.0197
2452,0.0,0,0,0.0007
2453,0.0,0,0,0.0078
2454,0.0,0,0,0.0007
2455,0.0,0,0,0.0059
2456,0.0,0,0,0.0059
2457,0.0,0,0,0.0164
2458,0.0,0,0,0.0009
2459,0.0,0,0,0.0079
2460,0.0,0,0,0.008
2461,0.0,0,0,0.0047
2462,0.0,0,0,0.0125
2463,0.0,0,0,0.0007
2464,0.0,0,0,0.0041
2465,0.0,0,0,0.0026
2466,0.0,0,0,0.0081
2467,0.0,0,0,0.0118
2468,0.0,0,0,0.0042
2469,0.0,0,0,0.0058
2470,0.0,0,0,0.0052
2471,0.0,0,0,0.0009
2472,0.0,0,0,0.0122
2473,0.0,0,0,0.0068
2474,0.0,0,0,0.0097
2475,0.0,0,0,0.013
2476,0.0,0,0,0.0192
2477,0.0,0,0,0.0047
2478,0.0,0,0,0.008
2479,0.0,0,0,0.0156
2480,0.0,0,0,0.0097
2481,0.0,0,0,0.0042
2482,0.0,0,0,0.0012
2483,0.0,0,0,0.0008
2484,0.0,0,0,0.0042
2485,0.0,0,0,0.0127
2486,0.0,0,0,0.0042
2487,0.0,0,0,0.0093
2488,0.0,0,0,0.0088
2489,0.0,0,0,0.0019
2490,0.0,0,0,0.0102
2491,0.0,0,0,0.0033
2492,0.0,0,0,0.0104
2493,0.0,0,0,0.0012
2494,0.0,0,0,0.019
2495,0.0,0,0,0.0163
2496,0.0,0,0,0.0163
2497,0.0,0,0,0.0163
2498,0.0,0,0,0.0059
2499,0.0,0,0,0.0075
2500,0.0,0,0,0.0139
2501,0.0,0,0,0.0088
2502,0.0,0,0,0.0151
2503,0.0,0,0,0.0125
2504,0.0,0,0,0.011
2505,0.0,0,0,0.012
2506,0.0,0,0,0.0151
2507,0.0,0,0,0.0008
2508,0.0,0,0,0.0011
2509,0.0,0,0,0.0088
2510,0.0,0,0,0.0099
2511,0.0,0,0,0.0088
2512,0.0,0,0,0.0134
2513,0.0,0,0,0.0115
2514,0.0,0,0,0.0023
2515,0.0,0,0,0.0111
2516,0.0,0,0,0.0115
2517,0.0,0,0,0.0166
2518,0.0,0,0,0.0052
2519,0.0,0,0,0.0084
2520,0.0,0,0,0.0137
2521,0.0,0,0,0.0094
2522,0.0,0,0,0.0049
2523,0.0,0,0,0.0034
2524,0.0,0,0,0.0053
2525,0.0,0,0,0.0103
2526,0.0,0,0,0.0008
2527,0.0,0,0,0.0104
2528,0.0,0,0,0.0132
2529,0.0,0,0,0.0009
2530,0.0,0,0,0.0042
2531,0.0,0,0,0.0018
2532,0.0,0,0,0.0061
2533,0.0,0,0,0.0117
2534,0.0,0,0,0.0025
2535,0.0,0,0,0.0124
2536,0.0,0,0,0.0047
2537,0.0,0,0,0.0191
2538,0.0,0,0,0.0007
2539,0.0,0,0,0.0192
2540,0.0,0,0,0.0063
2541,0.0,0,0,0.0042
2542,0.0,0,0,0.0154
2543,0.0,0,0,0.0061
2544,0.0,0,0,0.0088
2545,0.0,0,0,0.0032
2546,0.0,0,0,0.0086
2547,0.0,0,0,0.0052
2548,0.0,0,0,0.0032
2549,0.0,0,0,0.0058
2550,0.0,0,0,0.0037
2551,0.0,0,0,0.0009
2552,0.0,0,0,0.0052
2553,0.0,0,0,0.0034
2554,0.0,0,0,0.0224
2555,0.0,0,0,0.0079
2556,0.0,0,0,0.0023
2557,0.0,0,0,0.0074
2558,0.0,0,0,0.0007
2559,0.0,0,0,0.0103
2560,0.0,0,0,0.0113
2561,0.0,0,0,0.0009
2562,0.0,0,0,0.0032
2563,0.0,0,0,0.0131
2564,0.0,0,0,0.0125
2565,0.0,0,0,0.0109
2566,0.0,0,0,0.0154
2567,0.0,0,0,0.0057
2568,0.0,0,0,0.009
2569,0.0,0,0,0.0095
2570,0.0,0,0,0.0115
2571,0.0,0,0,0.0017
2572,0.0,0,0,0.0111
2573,0.0,0,0,0.0038
2574,0.0,0,0,0.0008
2575,0.0,0,0,0.0047
2576,0.0,0,0,0.0008
2577,0.0,0,0,0.0008
2578,0.0,0,0,0.0077
2579,0.0,0,0,0.0077
2580,0.0,0,0,0.0052
2581,0.0,0,0,0.0032
2582,0.0,0,0,0.0012
2583,0.0,0,0,0.0143
2584,0.0,0,0,0.0007
2585,0.0,0,0,0.0146
2586,0.0,0,0,0.0093
2587,0.0,0,0,0.0092
2588,0.0,0,0,0.0109
2589,0.0,0,0,0.0012
2590,0.0,0,0,0.0087
2591,0.0,0,0,0.0111
2592,0.0,0,0,0.0054
2593,0.0,0,0,0.0039
2594,0.0,0,0,0.0094
2595,0.0,0,0,0.012
2596,0.0,0,0,0.0067
2597,0.0,0,0,0.012
2598,0.0,0,0,0.0075
2599,0.0,0,0,0.0143
2600,0.0,0,0,0.0209
2601,0.0,0,0,0.0111
2602,0.0,0,0,0.0193
2603,0.0,0,0,0.021
2604,0.0,0,0,0.0045
2605,0.0,0,0,0.0127
2606,0.0,0,0,0.0071
2607,0.0,0,0,0.0109
2608,0.0,0,0,0.0009
2609,0.0,0,0,0.0079
2610,0.0,0,0,0.0009
2611,0.0,0,0,0.0007
2612,0.0,0,0,0.0003
2613,0.0,0,0,0.006
2614,0.0,0,0,0.0167
2615,0.0,0,0,0.0132
2616,0.0,0,0,0.009
2617,0.0,0,0,0.0039
2618,0.0,0,0,0.0071
2619,0.0,0,0,0.0014
2620,0.0,0,0,0.0155
2621,0.0,0,0,0.001
2622,0.0,0,0,0.0167
2623,0.0,0,0,0.0014
2624,0.0,0,0,0.0014
2625,0.0,0,0,0.0014
2626,0.0,0,0,0.0014
2627,0.0,0,0,0.001
2628,0.0,0,0,0.0081
2629,0.0,0,0,0.0181
2630,0.0,0,0,0.0037
2631,0.0,0,0,0.0322
2632,0.0,0,0,0.0138
2633,0.0,0,0,0.0057
2634,0.0,0,0,0.0167
2635,0.0,0,0,0.0126
2636,0.0,0,0,0.0204
2637,0.0,0,0,0.012
2638,0.0,0,0,0.0063
2639,0.0,0,0,0.0156
2640,0.0,0,0,0.027
2641,0.0,0,0,0.0283
2642,0.0,0,0,0.0011
2643,0.0,0,0,0.027
2644,0.0,0,0,0.0159
2645,0.0,0,0,0.013
2646,0.0,0,0,0.0179
2647,0.0,0,0,0.0105
2648,0.0,0,0,0.02
2649,0.0,0,0,0.0229
2650,0.0,0,0,0.0197
2651,0.0,0,0,0.0143
2652,0.0,0,0,0.0011
2653,0.0,0,0,0.0058
2654,0.0,0,0,0.0106
2655,0.0,0,0,0.0155
2656,0.0,0,0,0.0125
2657,0.0,0,0,0.0204
2658,0.0,0,0,0.0175
2659,0.0,0,0,0.0059
2660,0.0,0,0,0.0233
2661,0.0,0,0,0.024
2662,0.0,0,0,0.0238
2663,0.0,0,0,0.0248
2664,0.0,0,0,0.0079
2665,0.0,0,0,0.0124
2666,0.0,0,0,0.0255
2667,0.0,0,0,0.0255
2668,0.0,0,0,0.0223
2669,0.0,0,0,0.0166
2670,0.0,0,0,0.0068
2671,0.0,0,0,0.0122
2672,0.0,0,0,0.0223
2673,0.0,0,0,0.0068
2674,0.0,0,0,0.0071
2675,0.0,0,0,0.012
2676,0.0,0,0,0.0141
2677,0.0,0,0,0.0114
2678,0.0,0,0,0.0009
2679,0.0,0,0,0.0225
2680,0.0,0,0,0.0262
2681,0.0,0,0,0.0019
2682,0.0,0,0,0.0204
2683,0.0,0,0,0.0055
2684,0.0,0,0,0.0196
2685,0.0,0,0,0.0126
2686,0.0,0,0,0.017
2687,0.0,0,0,0.0183
2688,0.0,0,0,0.0165
2689,0.0,0,0,0.0161
2690,0.0,0,0,0.0269
2691,0.0,0,0,0.007
2692,0.0,0,0,0.0209
2693,0.0,0,0,0.0175
2694,0.0,0,0,0.0222
2695,0.0,0,0,0.0122
2696,0.0,0,0,0.0024
2697,0.0,0,0,0.026
2698,0.0,0,0,0.0331
2699,0.0,0,0,0.0309
2700,0.0,0,0,0.0224
2701,0.0,0,0,0.0128
2702,0.0,0,0,0.0008
2703,0.0,0,0,0.0156
2704,0.0,0,0,0.0225
2705,0.0,0,0,0.0111
2706,0.0,0,0,0.0073
2707,0.0,0,0,0.026
2708,0.0,0,0,0.0259
2709,0.0,0,0,0.0228
2710,0.0,0,0,0.039
2711,0.0,0,0,0.0181
2712,0.0,0,0,0.029
2713,0.0,0,0,0.0114
2714,0.0,0,0,0.0183
2715,0.0,0,0,0.0189
2716,0.0,0,0,0.0074
2717,0.0,0,0,0.0167
2718,0.0,0,0,0.0131
2719,0.0,0,0,0.0096
2720,0.0,0,0,0.0012
2721,0.0,0,0,0.0309
2722,0.0,0,0,0.0309
2723,0.0,0,0,0.007
2724,0.0,0,0,0.0196
2725,0.0,0,0,0.0179
2726,0.0,0,0,0.033
2727,0.0,0,0,0.0207
2728,0.0,0,0,0.0016
2729,0.0,0,0,0.0164
2730,0.0,0,0,0.0229
2731,0.0,0,0,0.0015
2732,0.0,0,0,0.0108
2733,0.0,0,0,0.017
2734,0.0,0,0,0.0367
2735,0.0,0,0,0.012
2736,0.0,0,0,0.016
2737,0.0,0,0,0.0213
2738,0.0,0,0,0.0137
2739,0.0,0,0,0.0189
2740,0.0,0,0,0.0159
2741,0.0,0,0,0.0176
2742,0.0,0,0,0.0014
2743,0.0,0,0,0.025
2744,0.0,0,0,0.0082
2745,0.0,0,0,0.0195
2746,0.0,0,0,0.0021
2747,0.0,0,0,0.0152
2748,0.0,0,0,0.0154
2749,0.0,0,0,0.0233
2750,0.0,0,0,0.0189
2751,0.0,0,0,0.0223
2752,0.0,0,0,0.0113
2753,0.0,0,0,0.012
2754,0.0,0,0,0.0079
2755,0.0,0,0,0.0069
2756,0.0,0,0,0.0099
2757,0.0,0,0,0.031
2758,0.0,0,0,0.0012
2759,0.0,0,0,0.0259
2760,0.0,0,0,0.0259
2761,0.0,0,0,0.011
2762,0.0,0,0,0.0184
2763,0.0,0,0,0.0189
2764,0.0,0,0,0.029
2765,0.0,0,0,0.0289
2766,0.0,0,0,0.0128
2767,0.0,0,0,0.0047
2768,0.0,0,0,0.0168
2769,0.0,0,0,0.0203
2770,0.0,0,0,0.0203
2771,0.0,0,0,0.0123
2772,0.0,0,0,0.0058
2773,0.0,0,0,0.0067
2774,0.0,0,0,0.0071
2775,0.0,0,0,0.0245
2776,0.0,0,0,0.0301
2777,0.0,0,0,0.0274
2778,0.0,0,0,0.0011
2779,0.0,0,0,0.027
2780,0.0,0,0,0.0101
2781,0.0,0,0,0.0202
2782,0.0,0,0,0.0196
2783,0.0,0,0,0.0205
2784,0.0,0,0,0.0015
2785,0.0,0,0,0.0251
2786,0.0,0,0,0.0287
2787,0.0,0,0,0.0009
2788,0.0,0,0,0.027
2789,0.0,0,0,0.0226
2790,0.0,0,0,0.0199
2791,0.0,0,0,0.0166
2792,0.0,0,0,0.0223
2793,0.0,0,0,0.018
2794,0.0,0,0,0.0141
2795,0.0,0,0,0.0182
2796,0.0,0,0,0.0169
2797,0.0,0,0,0.0014
2798,0.0,0,0,0.0083
2799,0.0,0,0,0.0055
2800,0.0,0,0,0.0055
2801,0.0,0,0,0.0016
2802,0.0,0,0,0.0142
2803,0.0,0,0,0.0173
2804,0.0,0,0,0.0264
2805,0.0,0,0,0.0334
2806,0.0,0,0,0.0014
2807,0.0,0,0,0.0214
2808,0.0,0,0,0.0185
2809,0.0,0,0,0.0139
2810,0.0,0,0,0.0166
2811,0.0,0,0,0.023
2812,0.0,0,0,0.0023
2813,0.0,0,0,0.0016
2814,0.0,0,0,0.0016
2815,0.0,0,0,0.022
2816,0.0,0,0,0.0381
2817,0.0,0,0,0.0337
2818,0.0,0,0,0.0158
2819,0.0,0,0,0.0131
2820,0.0,0,0,0.0098
2821,0.0,0,0,0.0098
2822,0.0,0,0,0.0212
2823,0.0,0,0,0.0395
2824,0.0,0,0,0.0178
2825,0.0,0,0,0.021
2826,0.0,0,0,0.017
2827,0.0,0,0,0.0213
2828,0.0,0,0,0.0286
2829,0.0,0,0,0.0246
2830,0.0,0,0,0.0286
2831,0.0,0,0,0.0178
2832,0.0,0,0,0.0195
2833,0.0,0,0,0.0227
2834,0.0,0,0,0.0255
2835,0.0,0,0,0.0192
2836,0.0,0,0,0.0177
2837,0.0,0,0,0.0192
2838,0.0,0,0,0.0012
2839,0.0,0,0,0.0038
2840,0.0,0,0,0.0283
2841,0.0,0,0,0.0115
2842,0.0,0,0,0.0176
2843,0.0,0,0,0.0271
2844,0.0,0,0,0.002
2845,0.0,0,0,0.0225
2846,0.0,0,0,0.0325
2847,0.0,0,0,0.0235
2848,0.0,0,0,0.0269
2849,0.0,0,0,0.0207
2850,0.0,0,0,0.0323
2851,0.0,0,0,0.0273
2852,0.0,0,0,0.0028
2853,0.0,0,0,0.0155
2854,0.0,0,0,0.0155
2855,0.0,0,0,0.0224
2856,0.0,0,0,0.002
2857,0.0,0,0,0.0362
2858,0.0,0,0,0.016
2859,0.0,0,0,0.0057
2860,0.0,0,0,0.0131
2861,0.0,0,0,0.0219
2862,0.0,0,0,0.0183
2863,0.0,0,0,0.0235
2864,0.0,0,0,0.0215
2865,0.0,0,0,0.0254
2866,0.0,0,0,0.0439
2867,0.0,0,0,0.0129
2868,0.0,0,0,0.0179
2869,0.0,0,0,0.0189
2870,0.0,0,0,0.0277
2871,0.0,0,0,0.0164
2872,0.0,0,0,0.024
2873,0.0,0,0,0.0203
2874,0.0,0,0,0.0153
2875,0.0,0,0,0.0057
2876,0.0,0,0,0.0279
2877,0.0,0,0,0.0252
2878,0.0,0,0,0.03
2879,0.0,0,0,0.023
2880,0.0,0,0,0.018
2881,0.0,0,0,0.0377
2882,0.0,0,0,0.0087
2883,0.0,0,0,0.0396
2884,0.0,0,0,0.0275
2885,0.0,0,0,0.0023
2886,0.0,0,0,0.0023
2887,0.0,0,0,0.0322
2888,0.0,0,0,0.0268
2889,0.0,0,0,0.034
2890,0.0,0,0,0.0309
2891,0.0,0,0,0.0241
2892,0.0,0,0,0.0274
2893,0.0,0,0,0.0225
2894,0.0,0,0,0.0326
2895,0.0,0,0,0.0326
2896,0.0,0,0,0.0326
2897,0.0,0,0,0.0247
2898,0.0,0,0,0.0333
2899,0.0,0,0,0.0272
2900,0.0,0,0,0.025
2901,0.0,0,0,0.0247
2902,0.0,0,0,0.0247
2903,0.0,0,0,0.0063
2904,0.0,0,0,0.0213
2905,0.0,0,0,0.0246
2906,0.0,0,0,0.031
2907,0.0,0,0,0.0269
2908,0.0,0,0,0.0269
2909,0.0,0,0,0.0297
2910,0.0,0,0,0.0309
2911,0.0,0,0,0.0309
2912,0.0,0,0,0.0108
2913,0.0,0,0,0.0251
2914,0.0,0,0,0.0186
2915,0.0,0,0,0.0304
2916,0.0,0,0,0.0182
2917,0.0,0,0,0.0326
2918,0.0,0,0,0.0362
2919,0.0,0,0,0.0362
2920,0.0,0,0,0.0062
2921,0.0,0,0,0.0182
2922,0.0,0,0,0.0107
2923,0.0,0,0,0.0315
2924,0.0,0,0,0.0287
2925,0.0,0,0,0.0124
2926,0.0,0,0,0.022
2927,0.0,0,0,0.0286
2928,0.0,0,0,0.0178
2929,0.0,0,0,0.0157
2930,0.0,0,0,0.0215
2931,0.0,0,0,0.0023
2932,0.0,0,0,0.0074
2933,0.0,0,0,0.0371
2934,0.0,0,0,0.0215
2935,0.0,0,0,0.0117
2936,0.0,0,0,0.0087
2937,0.0,0,0,0.003
2938,0.0,0,0,0.0111
2939,0.0,0,0,0.0295
2940,0.0,0,0,0.0225
2941,0.0,0,0,0.0228
2942,0.0,0,0,0.0029
2943,0.0,0,0,0.024
2944,0.0,0,0,0.0305
2945,0.0,0,0,0.0049
2946,0.0,0,0,0.0337
2947,0.0,0,0,0.0252
2948,0.0,0,0,0.0242
2949,0.0,0,0,0.0033
2950,0.0,0,0,0.0222
2951,0.0,0,0,0.0233
2952,0.0,0,0,0.024
2953,0.0,0,0,0.0014
2954,0.0,0,0,0.025
2955,0.0,0,0,0.0222
2956,0.0,0,0,0.0146
2957,0.0,0,0,0.0152
2958,0.0,0,0,0.0324
2959,0.0,0,0,0.0327
2960,0.0,0,0,0.0324
2961,0.0,0,0,0.0253
2962,0.0,0,0,0.0162
2963,0.0,0,0,0.0002
2964,0.0,0,0,0.0189
2965,0.0,0,0,0.0175
2966,0.0,0,0,0.0171
2967,0.0,0,0,0.011
2968,0.0,0,0,0.0171
2969,0.0,0,0,0.0202
2970,0.0,0,0,0.0171
2971,0.0,0,0,0.0175
2972,0.0,0,0,0.0175
2973,0.0,0,0,0.0133
2974,0.0,0,0,0.011
2975,0.0,0,0,0.0171
2976,0.0,0,0,0.0165
2977,0.0,0,0,0.0182
2978,0.0,0,0,0.0173
2979,0.0,0,0,0.0119
2980,0.0,0,0,0.0171
2981,0.0,0,0,0.0171
2982,0.0,0,0,0.0102
2983,0.0,0,0,0.0186
2984,0.0,0,0,0.0176
2985,0.0,0,0,0.0176
2986,0.0,0,0,0.0176
2987,0.0,0,0,0.0175
2988,0.0,0,0,0.0119
2989,0.0,0,0,0.0173
2990,0.0,0,0,0.0173
2991,0.0,0,0,0.0173
2992,0.0,0,0,0.0176
2993,0.0,0,0,0.0173
2994,0.0,0,0,0.0186
2995,0.0,0,0,0.0229
2996,0.0,0,0,0.0175
2997,0.0,0,0,0.0175
2998,0.0,0,0,0.0175
2999,0.0,0,0,0.0211
3000,0.0,0,0,0.0228
3001,0.0,0,0,0.0173
3002,0.0,0,0,0.0173
3003,0.0,0,0,0.0173
3004,0.0,0,0,0.0173
3005,0.0,0,0,0.0119
3006,0.0,0,0,0.011
3007,0.0,0,0,0.0171
3008,0.0,0,0,0.0129
3009,0.0,0,0,0.0176
3010,0.0,0,0,0.0171
3011,0.0,0,0,0.0171
3012,0.0,0,0,0.0209
3013,0.0,0,0,0.0158
3014,0.0,0,0,0.0177
3015,0.0,0,0,0.0233
3016,0.0,0,0,0.0119
3017,0.0,0,0,0.0171
3018,0.0,0,0,0.0194
3019,0.0,0,0,0.0162
3020,0.0,0,0,0.0138
3021,0.0,0,0,0.0305
3022,0.0,0,0,0.025
3023,0.0,0,0,0.0163
3024,0.0,0,0,0.019
3025,0.0,0,0,0.0063
3026,0.0,0,0,0.0172
3027,0.0,0,0,0.024
3028,0.0,0,0,0.0212
3029,0.0,0,0,0.0061
3030,0.0,0,0,0.0043
3031,0.0,0,0,0.0002
3032,0.0,0,0,0.021
3033,0.0,0,0,0.0253
3034,0.0,0,0,0.0134
3035,0.0,0,0,0.0171
3036,0.0,0,0,0.0171
3037,0.0,0,0,0.0177
3038,0.0,0,0,0.0189
3039,0.0,0,0,0.013
3040,0.0,0,0,0.0189
3041,0.0,0,0,0.0189
3042,0.0,0,0,0.0229
3043,0.0,0,0,0.013
3044,0.0,0,0,0.0189
3045,0.0,0,0,0.0189
3046,0.0,0,0,0.0189
3047,0.0,0,0,0.0189
3048,0.0,0,0,0.0255
3049,0.0,0,0,0.0189
3050,0.0,0,0,0.0189
3051,0.0,0,0,0.0129
3052,0.0,0,0,0.0129
3053,0.0,0,0,0.0173
3054,0.0,0,0,0.0129
3055,0.0,0,0,0.0209
3056,0.0,0,0,0.0195
3057,0.0,0,0,0.0169
3058,0.0,0,0,0.0195
3059,0.0,0,0,0.004
3060,0.0,0,0,0.0165
3061,0.0,0,0,0.0336
3062,0.0,0,0,0.0176
3063,0.0,0,0,0.0133
3064,0.0,0,0,0.0171
3065,0.0,0,0,0.0171
3066,0.0,0,0,0.0234
3067,0.0,0,0,0.0171
3068,0.0,0,0,0.0063
3069,0.0,0,0,0.0063
3070,0.0,0,0,0.0175
3071,0.0,0,0,0.0197
3072,0.0,0,0,0.0175
3073,0.0,0,0,0.0175
3074,0.0,0,0,0.0175
3075,0.0,0,0,0.0171
3076,0.0,0,0,0.0171
3077,0.0,0,0,0.0189
3078,0.0,0,0,0.0171
3079,0.0,0,0,0.0189
3080,0.0,0,0,0.0175
3081,0.0,0,0,0.0212
3082,0.0,0,0,0.018
3083,0.0,0,0,0.0203
3084,0.0,0,0,0.0265
3085,0.0,0,0,0.0195
3086,0.0,0,0,0.0189
3087,0.0,0,0,0.0189
3088,0.0,0,0,0.013
3089,0.0,0,0,0.0195
3090,0.0,0,0,0.0195
3091,0.0,0,0,0.0129
3092,0.0,0,0,0.0176
3093,0.0,0,0,0.0173
3094,0.0,0,0,0.0042
3095,0.0,0,0,0.0229
3096,0.0,0,0,0.0189
3097,0.0,0,0,0.012
3098,0.0,0,0,0.0187
3099,0.0,0,0,0.0171
3100,0.0,0,0,0.0108
3101,0.0,0,0,0.0175
3102,0.0,0,0,0.0119
3103,0.0,0,0,0.0175
3104,0.0,0,0,0.0144
3105,0.0,0,0,0.0171
3106,0.0,0,0,0.0029
3107,0.0,0,0,0.0027
3108,0.0,0,0,0.0105
3109,0.0,0,0,0.0046
3110,0.0,0,0,0.0088
3111,0.0,0,0,0.0038
3112,0.0,0,0,0.0053
3113,0.0,0,0,0.0069
3114,0.0,0,0,0.0087
3115,0.0,0,0,0.0015
3116,0.0,0,0,0.0093
3117,0.0,0,0,0.0228
3118,0.0,0,0,0.0012
3119,0.0,0,0,0.0021
3120,0.0,0,0,0.0084
3121,0.0,0,0,0.0035
3122,0.0,0,0,0.0
3123,0.0,0,0,0.0082
3124,0.0,0,0,0.0082
3125,0.0,0,0,0.006
3126,0.0,0,0,0.0082
3127,0.0,0,0,0.0012
3128,0.0,0,0,0.0042
3129,0.0,0,0,0.0228
3130,0.0,0,0,0.0131
3131,0.0,0,0,0.0123
3132,0.0,0,0,0.0029
3133,0.0,0,0,0.0021
3134,0.0,0,0,0.0094
3135,0.0,0,0,0.011
3136,0.0,0,0,0.0046
3137,0.0,0,0,0.0087
3138,0.0,0,0,0.0087
3139,0.0,0,0,0.0039
3140,0.0,0,0,0.0126
3141,0.0,0,0,0.0011
3142,0.0,0,0,0.0134
3143,0.0,0,0,0.009
3144,0.0,0,0,0.0215
3145,0.0,0,0,0.0215
3146,0.0,0,0,0.0035
3147,0.0,0,0,0.0092
3148,0.0,0,0,0.0114
3149,0.0,0,0,0.0215
3150,0.0,0,0,0.0002
3151,0.0,0,0,0.0068
3152,0.0,0,0,0.0087
3153,0.0,0,0,0.0067
3154,0.0,0,0,0.0102
3155,0.0,0,0,0.0014
3156,0.0,0,0,0.0051
3157,0.0,0,0,0.0069
3158,0.0,0,0,0.0096
3159,0.0,0,0,0.0085
3160,0.0,0,0,0.0069
3161,0.0,0,0,0.0178
3162,0.0,0,0,0.0106
3163,0.0,0,0,0.0069
3164,0.0,0,0,0.0096
3165,0.0,0,0,0.0091
3166,0.0,0,0,0.0069
3167,0.0,0,0,0.0087
3168,0.0,0,0,0.0035
3169,0.0,0,0,0.0048
3170,0.0,0,0,0.0044
3171,0.0,0,0,0.0119
3172,0.0,0,0,0.0084
3173,0.0,0,0,0.0069
3174,0.0,0,0,0.0008
3175,0.0,0,0,0.0012
3176,0.0,0,0,0.0012
3177,0.0,0,0,0.0028
3178,0.0,0,0,0.0077
3179,0.0,0,0,0.0124
3180,0.0,0,0,0.0139
3181,0.0,0,0,0.0142
3182,0.0,0,0,0.0153
3183,0.0,0,0,0.0063
3184,0.0,0,0,0.0047
3185,0.0,0,0,0.0059
3186,0.0,0,0,0.0082
3187,0.0,0,0,0.0071
3188,0.0,0,0,0.0
3189,0.0,0,0,0.0053
3190,0.0,0,0,0.0213
3191,0.0,0,0,0.0167
3192,0.0,0,0,0.0218
3193,0.0,0,0,0.0006
3194,0.0,0,0,0.0006
3195,0.0,0,0,0.0004
3196,0.0,0,0,0.0004
3197,0.0,0,0,0.0
3198,0.0,0,0,0.002
3199,0.0,0,0,0.002
3200,0.0,0,0,0.0003
3201,0.0,0,0,0.0002
3202,0.0,0,0,0.0003
3203,0.0,0,0,0.0019
3204,0.0,0,0,0.0003
3205,0.0,0,0,0.0003
3206,0.0,0,0,0.0003
3207,0.0,0,0,0.0003
3208,0.0,0,0,0.0003
3209,0.0,0,0,0.0004
3210,0.0,0,0,0.0017
3211,0.0,0,0,0.0008
3212,0.0,0,0,0.0002
3213,0.0,0,0,0.0002
3214,0.0,0,0,0.0002
3215,0.0,0,0,0.0006
3216,0.0,0,0,0.0013
3217,0.0,0,0,0.0009
3218,0.0,0,0,0.0014
3219,0.0,0,0,0.001
3220,0.0,0,0,0.0005
3221,0.0,0,0,0.0016
3222,0.0,0,0,0.0006
3223,0.0,0,0,0.0005
3224,0.0,0,0,0.0008
3225,0.0,0,0,0.0028
3226,0.0,0,0,0.0006
3227,0.0,0,0,0.0009
3228,0.0,0,0,0.002
3229,0.0,0,0,0.0004
3230,0.0,0,0,0.0023
3231,0.0,0,0,0.0007
3232,0.0,0,0,0.0037
3233,0.0,0,0,0.0033
3234,0.0,0,0,1e-04
3235,0.0,0,0,0.0
3236,0.0,0,0,0.0002
3237,0.0,0,0,0.0002
3238,0.0,0,0,0.0012
3239,0.0,0,0,0.0
3240,0.0,0,0,0.0
3241,0.0,0,0,0.0005
3242,0.0,0,0,0.0022
3243,0.0,0,0,0.0005
3244,0.0,0,0,0.0007
3245,0.0,0,0,0.0005
3246,0.0,0,0,0.0006
3247,0.0,0,0,0.0005
3248,0.0,0,0,0.0007
3249,0.0,0,0,0.0003
3250,0.0,0,0,0.0003
3251,0.0,0,0,0.0
3252,0.0,0,0,0.0
3253,0.0,0,0,0.0
3254,0.0,0,0,0.0
3255,0.0,0,0,0.0004
3256,0.0,0,0,0.0003
3257,0.0,0,0,0.0011
3258,0.0,0,0,0.0005
3259,0.0,0,0,0.0011
3260,0.0,0,0,0.0008
3261,0.0,0,0,0.0004
3262,0.0,0,0,0.0002
3263,0.0,0,0,1e-04
3264,0.0,0,0,0.0
3265,0.0,0,0,0.0003
3266,0.0,0,0,0.0
3267,0.0,0,0,1e-04
3268,0.0,0,0,0.0002
3269,0.0,0,0,0.0
3270,0.0,0,0,0.0
3271,0.0,0,0,1e-04
3272,0.0,0,0,1e-04
3273,0.0,0,0,0.0
3274,0.0,0,0,0.0
3275,0.0,0,0,0.0107
3276,0.0,0,0,0.0073
3277,0.0,0,0,0.0226
3278,0.0,0,0,0.0071
3279,0.0,0,0,0.031
3280,0.0,0,0,0.0014
3281,0.0,0,0,0.0009
3282,0.0,0,0,0.003
3283,0.0,0,0,0.0
3284,0.0,0,0,0.0029
3285,0.0,0,0,0.004
3286,0.0,0,0,0.0013
3287,0.0,0,0,0.0015
3288,0.0,0,0,0.0015
3289,0.0,0,0,0.0125
3290,0.0,0,0,0.0008
3291,0.0,0,0,0.0
3292,0.0,0,0,0.0009
3293,0.0,0,0,0.0017
3294,0.0,0,0,0.0004
3295,0.0,0,0,0.0004
3296,0.0,0,0,0.0015
3297,0.0,0,0,0.0002
3298,0.0,0,0,0.0002
3299,0.0,0,0,0.0
3300,0.0,0,0,1e-04
3301,0.0,0,0,0.0008
3302,0.0,0,0,0.0032
3303,0.0,0,0,0.0003
3304,0.0,0,0,0.0003
3305,0.0,0,0,0.0041
3306,0.0,0,0,0.0009
3307,0.0,0,0,0.0005
3308,0.0,0,0,0.0
3309,0.0,0,0,0.0007
3310,0.0,0,0,0.0003
3311,0.0,0,0,0.0044
3312,0.0,0,0,0.0008
3313,0.0,0,0,0.0002
3314,0.0,0,0,0.0128
3315,0.0,0,0,1e-04
3316,0.0,0,0,1e-04
3317,0.0,0,0,0.026
3318,0.0,0,0,1e-04
3319,0.0,0,0,0.0003
3320,0.0,0,0,0.001
3321,0.0,0,0,0.0002
3322,0.0,0,0,0.0019
3323,0.0,0,0,0.0025
3324,0.0,0,0,0.0025
3325,0.0,0,0,0.0008
3326,0.0,0,0,0.0007
3327,0.0,0,0,0.0015
3328,0.0,0,0,1e-04
3329,0.0,0,0,0.001
3330,0.0,0,0,1e-04
3331,0.0,0,0,1e-04
3332,0.0,0,0,0.0013
3333,0.0,0,0,1e-04
3334,0.0,0,0,0.0003
3335,0.0,0,0,0.0007
3336,0.0,0,0,0.0
3337,0.0,0,0,0.0004
3338,0.0,0,0,0.0125
3339,0.0,0,0,0.0013
3340,0.0,0,0,0.0017
3341,0.0,0,0,0.0008
3342,0.0,0,0,0.0011
3343,0.0,0,0,1e-04
3344,0.0,0,0,0.0041
3345,0.0,0,0,1e-04
3346,0.0,0,0,0.0041
3347,0.0,0,0,0.0103
3348,0.0,0,0,0.0007
3349,0.0,0,0,0.0127
3350,0.0,0,0,0.0004
3351,0.0,0,0,0.0005
3352,0.0,0,0,0.0004
3353,0.0,0,0,0.0002
3354,0.0,0,0,0.0009
3355,0.0,0,0,0.0043
3356,0.0,0,0,0.0014
3357,0.0,0,0,1e-04
3358,0.0,0,0,1e-04
3359,0.0,0,0,0.0008
3360,0.0,0,0,0.0023
3361,0.0,0,0,0.0003
3362,0.0,0,0,0.0013
3363,0.0,0,0,0.001
3364,0.0,0,0,0.0264
3365,0.0,0,0,0.0013
3366,0.0,0,0,1e-04
3367,0.0,0,0,0.0002
3368,0.0,0,0,0.0028
3369,0.0,0,0,0.0002
3370,0.0,0,0,0.0002
3371,0.0,0,0,0.0
3372,0.0,0,0,0.0009
3373,0.0,0,0,0.0264
3374,0.0,0,0,0.001
3375,0.0,0,0,0.0005
3376,0.0,0,0,0.0009
3377,0.0,0,0,0.0013
3378,0.0,0,0,0.0011
3379,0.0,0,0,1e-04
3380,0.0,0,0,0.0202
3381,0.0,0,0,0.0002
3382,0.0,0,0,0.0221
3383,0.0,0,0,0.0011
3384,0.0,0,0,1e-04
3385,0.0,0,0,0.0008
3386,0.0,0,0,0.001
3387,0.0,0,0,0.0004
3388,0.0,0,0,0.0
3389,0.0,0,0,0.0003
3390,0.0,0,0,0.0009
3391,0.0,0,0,0.0007
3392,0.0,0,0,0.0025
3393,0.0,0,0,0.0009
3394,0.0,0,0,0.0009
3395,0.0,0,0,0.0002
3396,0.0,0,0,1e-04
3397,0.0,0,0,0.0002
3398,0.0,0,0,0.0
3399,0.0,0,0,0.0002
3400,0.0,0,0,0.001
3401,0.0,0,0,0.0009
3402,0.0,0,0,0.0002
3403,0.0,0,0,0.0009
3404,0.0,0,0,0.0264
3405,0.0,0,0,0.0014
3406,0.0,0,0,1e-04
3407,0.0,0,0,0.0
3408,0.0,0,0,0.0018
3409,0.0,0,0,0.0
3410,0.0,0,0,0.0002
3411,0.0,0,0,0.001
3412,0.0,0,0,0.0049
3413,0.0,0,0,0.0009
3414,0.0,0,0,0.0003
3415,0.0,0,0,1e-04
3416,0.0,0,0,0.0002
3417,0.0,0,0,0.0009
3418,0.0,0,0,0.0004
3419,0.0,0,0,0.001
3420,0.0,0,0,0.0
3421,0.0,0,0,0.0016
3422,0.0,0,0,0.0009
3423,0.0,0,0,0.0
3424,0.0,0,0,1e-04
3425,0.0,0,0,0.0004
3426,0.0,0,0,0.0009
3427,0.0,0,0,0.0004
3428,0.0,0,0,0.0
3429,0.0,0,0,0.0
3430,0.0,0,0,0.0009
3431,0.0,0,0,0.0002
3432,0.0,0,0,0.0008
3433,0.0,0,0,0.0005
3434,0.0,0,0,0.0004
3435,0.0,0,0,0.0007
3436,0.0,0,0,0.0014
3437,0.0,0,0,0.0
3438,0.0,0,0,0.0007
3439,0.0,0,0,0.0005
3440,0.0,0,0,0.0016
3441,0.0,0,0,0.0007
3442,0.0,0,0,0.0002
3443,0.0,0,0,0.0002
3444,0.0,0,0,0.0002
3445,0.0,0,0,0.0003
3446,0.0,0,0,0.0003
3447,0.0,0,0,0.0014
3448,0.0,0,0,0.0125
3449,0.0,0,0,1e-04
3450,0.0,0,0,1e-04
3451,0.0,0,0,0.0008
3452,0.0,0,0,0.0
3453,0.0,0,0,0.0007
3454,0.0,0,0,0.0002
3455,0.0,0,0,0.0007
3456,0.0,0,0,1e-04
3457,0.0,0,0,0.0003
3458,0.0,0,0,0.0009
3459,0.0,0,0,0.0169
3460,0.0,0,0,0.003
3461,0.0,0,0,0.001
3462,0.0,0,0,0.0019
3463,0.0,0,0,0.0002
3464,0.0,0,0,0.0011
3465,0.0,0,0,1e-04
3466,0.0,0,0,1e-04
3467,0.0,0,0,0.0037
3468,0.0,0,0,0.0004
3469,0.0,0,0,0.0006
3470,0.0,0,0,0.0003
3471,0.0,0,0,1e-04
3472,0.0,0,0,0.0002
3473,0.0,0,0,0.0011
3474,0.0,0,0,1e-04
3475,0.0,0,0,0.0034
3476,0.0,0,0,0.0026
3477,0.0,0,0,0.0012
3478,0.0,0,0,0.0007
3479,0.0,0,0,1e-04
3480,0.0,0,0,0.0007
3481,0.0,0,0,0.0016
3482,0.0,0,0,0.0
3483,0.0,0,0,0.0031
3484,0.0,0,0,0.0018
3485,0.0,0,0,0.0042
3486,0.0,0,0,0.0041
3487,0.0,0,0,0.001
3488,0.0,0,0,0.0002
3489,0.0,0,0,1e-04
3490,0.0,0,0,0.0016
3491,0.0,0,0,0.0013
3492,0.0,0,0,0.001
3493,0.0,0,0,1e-04
3494,0.0,0,0,0.0011
3495,0.0,0,0,0.0032
3496,0.0,0,0,0.0015
3497,0.0,0,0,0.0
3498,0.0,0,0,0.0013
3499,0.0,0,0,0.0012
3500,0.0,0,0,0.0013
3501,0.0,0,0,0.0066
3502,0.0,0,0,0.0013
3503,0.0,0,0,0.0013
3504,0.0,0,0,0.0015
3505,0.0,0,0,0.0013
3506,0.0,0,0,0.0
3507,0.0,0,0,0.0002
3508,0.0,0,0,0.0003
3509,0.0,0,0,0.0011
3510,0.0,0,0,0.0012
3511,0.0,0,0,0.0002
3512,0.0,0,0,0.0
3513,0.0,0,0,0.0083
3514,0.0,0,0,0.0011
3515,0.0,0,0,0.0003
3516,0.0,0,0,0.0031
3517,0.0,0,0,0.0004
3518,0.0,0,0,0.0
3519,0.0,0,0,0.0003
3520,0.0,0,0,0.0007
3521,0.0,0,0,0.0011
3522,0.0,0,0,0.0013
3523,0.0,0,0,0.0006
3524,0.0,0,0,0.0014
3525,0.0,0,0,0.0037
3526,0.0,0,0,0.0009
3527,0.0,0,0,1e-04
3528,0.0,0,0,0.0
3529,0.0,0,0,0.0
3530,0.0,0,0,0.0004
3531,0.0,0,0,0.0004
3532,0.0,0,0,0.001
3533,0.0,0,0,0.0002
3534,0.0,0,0,0.001
3535,0.0,0,0,0.0002
3536,0.0,0,0,0.0162
3537,0.0,0,0,0.0125
3538,0.0,0,0,0.0037
3539,0.0,0,0,0.0007
3540,0.0,0,0,0.0002
3541,0.0,0,0,0.0006
3542,0.0,0,0,0.0009
3543,0.0,0,0,0.0007
3544,0.0,0,0,0.0017
3545,0.0,0,0,0.0041
3546,0.0,0,0,0.0013
3547,0.0,0,0,0.0002
3548,0.0,0,0,0.0125
3549,0.0,0,0,0.0015
3550,0.0,0,0,1e-04
3551,0.0,0,0,0.0031
3552,0.0,0,0,0.0018
3553,0.0,0,0,0.0005
3554,0.0,0,0,0.0029
3555,0.0,0,0,0.0009
3556,0.0,0,0,0.0013
3557,0.0,0,0,0.0007
3558,0.0,0,0,0.0044
3559,0.0,0,0,0.0012
3560,0.0,0,0,0.0013
3561,0.0,0,0,0.0225
3562,0.0,0,0,1e-04
3563,0.0,0,0,0.0024
3564,0.0,0,0,0.0003
3565,0.0,0,0,0.0125
3566,0.0,0,0,0.0014
3567,0.0,0,0,0.0002
3568,0.0,0,0,0.0085
3569,0.0,0,0,0.0007
3570,0.0,0,0,0.0008
3571,0.0,0,0,0.0
3572,0.0,0,0,0.0
3573,0.0,0,0,0.0031
3574,0.0,0,0,1e-04
3575,0.0,0,0,0.0037
3576,0.0,0,0,0.0018
3577,0.0,0,0,0.0008
3578,0.0,0,0,0.0169
3579,0.0,0,0,1e-04
3580,0.0,0,0,0.0033
3581,0.0,0,0,0.0007
3582,0.0,0,0,0.0004
3583,0.0,0,0,0.001
3584,0.0,0,0,0.0015
3585,0.0,0,0,0.001
3586,0.0,0,0,0.0011
3587,0.0,0,0,0.0036
3588,0.0,0,0,0.006
3589,0.0,0,0,0.001
3590,0.0,0,0,0.0007
3591,0.0,0,0,0.0002
3592,0.0,0,0,0.0002
3593,0.0,0,0,1e-04
3594,0.0,0,0,0.0
3595,0.0,0,0,0.0004
3596,0.0,0,0,0.0004
3597,0.0,0,0,1e-04
3598,0.0,0,0,0.0064
3599,0.0,0,0,0.0125
3600,0.0,0,0,0.0012
3601,0.0,0,0,0.0003
3602,0.0,0,0,1e-04
3603,0.0,0,0,0.0015
3604,0.0,0,0,0.0225
3605,0.0,0,0,0.0007
3606,0.0,0,0,0.0003
3607,0.0,0,0,0.0007
3608,0.0,0,0,0.002
3609,0.0,0,0,1e-04
3610,0.0,0,0,0.0003
3611,0.0,0,0,0.0007
3612,0.0,0,0,0.0014
3613,0.0,0,0,0.0008
3614,0.0,0,0,0.0016
3615,0.0,0,0,1e-04
3616,0.0,0,0,0.0005
3617,0.0,0,0,0.0301
3618,0.0,0,0,0.0199
3619,0.0,0,0,0.0128
3620,0.0,0,0,0.0085
3621,0.0,0,0,0.0005
3622,0.0,0,0,1e-04
3623,0.0,0,0,0.0034
3624,0.0,0,0,0.0014
3625,0.0,0,0,0.0303
3626,0.0,0,0,0.0006
3627,0.0,0,0,0.0041
3628,0.0,0,0,0.0014
3629,0.0,0,0,0.0008
3630,0.0,0,0,0.0264
3631,0.0,0,0,1e-04
3632,0.0,0,0,0.0
3633,0.0,0,0,0.0
3634,0.0,0,0,0.0301
3635,0.0,0,0,0.0008
3636,0.0,0,0,0.0007
3637,0.0,0,0,0.0301
3638,0.0,0,0,1e-04
3639,0.0,0,0,0.0136
3640,0.0,0,0,0.0003
3641,0.0,0,0,0.0003
3642,0.0,0,0,0.0007
3643,0.0,0,0,0.0153
3644,0.0,0,0,0.0035
3645,0.0,0,0,0.0035
3646,0.0,0,0,0.0011
3647,0.0,0,0,0.0056
3648,0.0,0,0,0.0083
3649,0.0,0,0,0.0031
3650,0.0,0,0,0.0005
3651,0.0,0,0,0.0009
3652,0.0,0,0,0.0002
3653,0.0,0,0,0.0035
3654,0.0,0,0,1e-04
3655,0.0,0,0,0.0075
3656,0.0,0,0,0.0002
3657,0.0,0,0,0.0
3658,0.0,0,0,0.0031
3659,0.0,0,0,0.0024
3660,0.0,0,0,0.0009
3661,0.0,0,0,0.001
3662,0.0,0,0,0.0125
3663,0.0,0,0,0.0011
3664,0.0,0,0,0.0025
3665,0.0,0,0,0.0125
3666,0.0,0,0,0.0061
3667,0.0,0,0,0.014
3668,0.0,0,0,0.0009
3669,0.0,0,0,1e-04
3670,0.0,0,0,1e-04
3671,0.0,0,0,0.0008
3672,0.0,0,0,0.0037
3673,0.0,0,0,0.0125
3674,0.0,0,0,0.0012
3675,0.0,0,0,0.0013
3676,0.0,0,0,0.0008
3677,0.0,0,0,0.0007
3678,0.0,0,0,1e-04
3679,0.0,0,0,0.0014
3680,0.0,0,0,0.0009
3681,0.0,0,0,0.0003
3682,0.0,0,0,0.0026
3683,0.0,0,0,0.0161
3684,0.0,0,0,0.0002
3685,0.0,0,0,1e-04
3686,0.0,0,0,0.0026
3687,0.0,0,0,0.0002
3688,0.0,0,0,0.0002
3689,0.0,0,0,1e-04
3690,0.0,0,0,0.0009
3691,0.0,0,0,0.0002
3692,0.0,0,0,0.0002
3693,0.0,0,0,1e-04
3694,0.0,0,0,1e-04
3695,0.0,0,0,0.0002
3696,0.0,0,0,1e-04
3697,0.0,0,0,1e-04
3698,0.0,0,0,1e-04
3699,0.0,0,0,0.0002
3700,0.0,0,0,0.0002
3701,0.0,0,0,1e-04
3702,0.0,0,0,1e-04
3703,0.0,0,0,1e-04
3704,0.0,0,0,1e-04
3705,0.0,0,0,1e-04
3706,0.0,0,0,1e-04
3707,0.0,0,0,1e-04
3708,0.0,0,0,1e-04
3709,0.0,0,0,1e-04
3710,0.0,0,0,0.0002
3711,0.0,0,0,1e-04
3712,0.0,0,0,1e-04
3713,0.0,0,0,1e-04
3714,0.0,0,0,1e-04
3715,0.0,0,0,1e-04
3716,0.0,0,0,0.0002
3717,0.0,0,0,1e-04
3718,0.0,0,0,1e-04
3719,0.0,0,0,1e-04
3720,0.0,0,0,0.0002
3721,0.0,0,0,1e-04
3722,0.0,0,0,1e-04
3723,0.0,0,0,0.0002
3724,0.0,0,0,1e-04
3725,0.0,0,0,0.0002
3726,0.0,0,0,1e-04
3727,0.0,0,0,1e-04
3728,0.0,0,0,1e-04
3729,0.0,0,0,1e-04
3730,0.0,0,0,0.0003
3731,0.0,0,0,1e-04
3732,0.0,0,0,0.0023
3733,0.0,0,0,0.0002
3734,0.0,0,0,1e-04
3735,0.0,0,0,1e-04
3736,0.0,0,0,1e-04
3737,0.0,0,0,0.0002
3738,0.0,0,0,0.0026
3739,0.0,0,0,1e-04
3740,0.0,0,0,1e-04
3741,0.0,0,0,0.0011
3742,0.0,0,0,0.0024
3743,0.0,0,0,1e-04
3744,0.0,0,0,1e-04
3745,0.0,0,0,1e-04
3746,0.0,0,0,0.0002
3747,0.0,0,0,0.0086
3748,0.0,0,0,1e-04
3749,0.0,0,0,1e-04
3750,0.0,0,0,0.0002
3751,0.0,0,0,1e-04
3752,0.0,0,0,1e-04
3753,0.0,0,0,0.0002
3754,0.0,0,0,1e-04
3755,0.0,0,0,1e-04
3756,0.0,0,0,1e-04
3757,0.0,0,0,1e-04
3758,0.0,0,0,0.0002
3759,0.0,0,0,0.0002
3760,0.0,0,0,1e-04
3761,0.0,0,0,1e-04
3762,0.0,0,0,1e-04
3763,0.0,0,0,1e-04
3764,0.0,0,0,1e-04
3765,0.0,0,0,1e-04
3766,0.0,0,0,1e-04
3767,0.0,0,0,1e-04
3768,0.0,0,0,1e-04
3769,0.0,0,0,1e-04
3770,0.0,0,0,1e-04
3771,0.0,0,0,1e-04
3772,0.0,0,0,1e-04
3773,0.0,0,0,0.0025
3774,0.0,0,0,0.0002
3775,0.0,0,0,0.0088
3776,0.0,0,0,0.0025
3777,0.0,0,0,0.0028
3778,0.0,0,0,1e-04
3779,0.0,0,0,1e-04
3780,0.0,0,0,1e-04
3781,0.0,0,0,1e-04
3782,0.0,0,0,1e-04
3783,0.0,0,0,1e-04
3784,0.0,0,0,1e-04
3785,0.0,0,0,0.0025
